League;Date;Get;Pay;Value;Confidence
Allflame;2026-09-22;Reflecting Mist;Chaos Orb;1710;High
Allflame;2026-09-22;Divine Orb;Chaos Orb;367.6;High
Allflame;2026-09-22;Fracturing Orb;Chaos Orb;534.9;High
Allflame;2026-09-22;Orb of Conflict;Chaos Orb;422.6;High
Allflame;2026-09-22;Prismatic Catalyst;Chaos Orb;99.23;High
Allflame;2026-09-22;Accelerating Catalyst;Chaos Orb;2.27;High
Allflame;2026-09-22;Tainted Catalyst;Chaos Orb;16.67;High
Allflame;2026-09-22;Orb of Annulment;Chaos Orb;17.98;High
Allflame;2026-09-22;Ancient Orb;Chaos Orb;11.01;High
Allflame;2026-09-22;Unstable Catalyst;Chaos Orb;13.49;High
Allflame;2026-09-22;Stacked Deck;Chaos Orb;6.96;High
Allflame;2026-09-22;Imbued Catalyst;Chaos Orb;1.46;High
Allflame;2026-09-22;Chromatic Orb;Chaos Orb;4.39;High
Allflame;2026-09-22;Enkindling Orb;Chaos Orb;1.54;High
Allflame;2026-09-22;Exalted Orb;Chaos Orb;3.41;High
Allflame;2026-09-22;Scrying Orb;Chaos Orb;3;High
Allflame;2026-09-22;Gemcutter's Prism;Chaos Orb;1.97;High
Allflame;2026-09-22;Intrinsic Catalyst;Chaos Orb;2.8;High
Allflame;2026-09-22;Turbulent Catalyst;Chaos Orb;2.12;High
Allflame;2026-09-22;Abrasive Catalyst;Chaos Orb;2.57;High
Allflame;2026-09-22;Fertile Catalyst;Chaos Orb;35.81;High
Allflame;2026-09-22;Orb of Scouring;Chaos Orb;0.776;High
Allflame;2026-09-22;Orb of Alteration;Chaos Orb;0.2579;High
Allflame;2026-09-22;Orb of Fusing;Chaos Orb;0.09862;High
Allflame;2026-09-22;Armourer's Scrap;Chaos Orb;0.08896;High
Allflame;2026-09-22;Jeweller's Orb;Chaos Orb;0.01416;High
Allflame;2026-09-22;Vivid Crystallised Lifeforce;Chaos Orb;0.1129;High
Allflame;2026-09-22;Dead Man's Sulphur;Chaos Orb;0.007711;High
Allflame;2026-09-22;Primal Crystallised Lifeforce;Chaos Orb;0.0549;High
Allflame;2026-09-22;Wild Crystallised Lifeforce;Chaos Orb;0.02349;High
Allflame;2026-09-22;Reverent Reliquary Key;Chaos Orb;1836;High
Allflame;2026-09-22;Archive Reliquary Key;Chaos Orb;816;High
Allflame;2026-09-22;Syndicate Medallion;Chaos Orb;816;High
Allflame;2026-09-22;Shiny Reliquary Key;Chaos Orb;612;High
Allflame;2026-09-22;Zorath's Eye of the Inevitable;Chaos Orb;612;High
Allflame;2026-09-22;Voidborn Reliquary Key;Chaos Orb;469.2;High
Allflame;2026-09-22;Forgotten Reliquary Key;Chaos Orb;385;High
Allflame;2026-09-22;Oubliette Reliquary Key;Chaos Orb;204;High
Allflame;2026-09-22;Valdo's Puzzle Box;Chaos Orb;204;High
Allflame;2026-09-22;Gift to the Goddess;Chaos Orb;35;High
Allflame;2026-09-22;An Audience With The King;Chaos Orb;24.5;High
Allflame;2026-09-22;Timeless Templar Splinter;Chaos Orb;22;High
Allflame;2026-09-22;Simulacrum;Chaos Orb;20.5;High
Allflame;2026-09-22;Mortal Grief;Chaos Orb;11;High
Allflame;2026-09-22;Message in a Bottle;Chaos Orb;8.5;High
Allflame;2026-09-22;Timeless Eternal Empire Splinter;Chaos Orb;6;High
Allflame;2026-09-22;Zorath's Eye of Authority;Chaos Orb;4;High
Allflame;2026-09-22;Zorath's Eye of Malevolence;Chaos Orb;3;High
Allflame;2026-09-22;Timeless Vaal Splinter;Chaos Orb;2.8;High
Allflame;2026-09-22;Simulacrum Splinter;Chaos Orb;2;High
Allflame;2026-09-22;Sacrifice at Noon;Chaos Orb;1.79;High
Allflame;2026-09-22;Offering to the Goddess;Chaos Orb;1;High
Allflame;2026-09-22;Divine Vessel;Chaos Orb;1;High
Allflame;2026-09-22;Blessed Orb;Chaos Orb;0.06204;High
Allflame;2026-09-22;Orb of Alchemy;Chaos Orb;0.02123;High
Allflame;2026-09-22;Orb of Augmentation;Chaos Orb;0.04768;High
Allflame;2026-09-22;Awakener's Orb;Chaos Orb;998.9;High
Allflame;2026-09-22;Glassblower's Bauble;Chaos Orb;0.2534;High
Allflame;2026-09-22;Orb of Chance;Chaos Orb;0.1203;High
Allflame;2026-09-22;Elder's Exalted Orb;Chaos Orb;103.6;High
Allflame;2026-09-22;Eldritch Chaos Orb;Chaos Orb;41.72;High
Allflame;2026-09-22;Eldritch Exalted Orb;Chaos Orb;2.68;High
Allflame;2026-09-22;Eldritch Orb of Annulment;Chaos Orb;41.74;High
Allflame;2026-09-22;Exceptional Eldritch Ichor;Chaos Orb;251.2;High
Allflame;2026-09-22;Fracturing Shard;Chaos Orb;21.5;High
Allflame;2026-09-22;Grand Eldritch Ember;Chaos Orb;12.2;High
Allflame;2026-09-22;Grand Eldritch Ichor;Chaos Orb;5.2;High
Allflame;2026-09-22;Greater Eldritch Ember;Chaos Orb;0.6826;High
Allflame;2026-09-22;Greater Eldritch Ichor;Chaos Orb;0.8302;High
Allflame;2026-09-22;Instilling Orb;Chaos Orb;0.3292;High
Allflame;2026-09-22;Lesser Eldritch Ember;Chaos Orb;0.1357;High
Allflame;2026-09-22;Lesser Eldritch Ichor;Chaos Orb;0.1094;High
Allflame;2026-09-22;Maven's Chisel of Avarice;Chaos Orb;139.9;High
Allflame;2026-09-22;Maven's Chisel of Scarabs;Chaos Orb;50.14;High
Allflame;2026-09-22;Orb of Binding;Chaos Orb;0.03004;High
Allflame;2026-09-22;Orb of Intention;Chaos Orb;3.67;High
Allflame;2026-09-22;Orb of Remembrance;Chaos Orb;84.03;High
Allflame;2026-09-22;Orb of Unmaking;Chaos Orb;0.2398;High
Allflame;2026-09-22;Orb of Unravelling;Chaos Orb;45.28;High
Allflame;2026-09-22;Redeemer's Exalted Orb;Chaos Orb;198.4;High
Allflame;2026-09-22;Regal Orb;Chaos Orb;0.07917;High
Allflame;2026-09-22;Orb of Regret;Chaos Orb;1.44;High
Allflame;2026-09-22;Sacred Crystallised Lifeforce;Chaos Orb;48.48;High
Allflame;2026-09-22;Crystallised Rancour;Chaos Orb;693.7;High
Allflame;2026-09-22;Shaper's Exalted Orb;Chaos Orb;143.6;High
Allflame;2026-09-22;Tainted Blacksmith's Whetstone;Chaos Orb;4.47;High
Allflame;2026-09-22;Tainted Exalted Orb;Chaos Orb;542.7;High
Allflame;2026-09-22;Tainted Orb of Fusing;Chaos Orb;23.57;High
Allflame;2026-09-22;Tempering Catalyst;Chaos Orb;8.38;High
Allflame;2026-09-22;Crusader's Exalted Orb;Chaos Orb;269.6;High
Allflame;2026-09-22;Hinekora's Lock;Chaos Orb;91954;High
Allflame;2026-09-22;Veiled Exalted Orb;Chaos Orb;4743;High
Allflame;2026-09-22;Exceptional Eldritch Ember;Chaos Orb;267.3;High
Allflame;2026-09-22;Flesh of Xesht;Chaos Orb;89.15;High
Allflame;2026-09-22;Foulborn Exalted Orb;Chaos Orb;1958;High
Allflame;2026-09-22;Foulborn Orb of Augmentation;Chaos Orb;2.59;High
Allflame;2026-09-22;Foulborn Regal Orb;Chaos Orb;12.33;High
Allflame;2026-09-22;Hunter's Exalted Orb;Chaos Orb;589;High
Allflame;2026-09-22;Maven's Chisel of Divination;Chaos Orb;30.97;High
Allflame;2026-09-22;Maven's Chisel of Procurement;Chaos Orb;3.6;High
Allflame;2026-09-22;Maven's Chisel of Proliferation;Chaos Orb;42.24;High
Allflame;2026-09-22;Orb of Dominance;Chaos Orb;1634;High
Allflame;2026-09-22;Mirror of Kalandra;Chaos Orb;396464;High
Allflame;2026-09-22;Mirror Shard;Chaos Orb;20081;High
Allflame;2026-09-22;Noxious Catalyst;Chaos Orb;2.15;High
Allflame;2026-09-22;Portal Scroll;Chaos Orb;0.02914;High
Allflame;2026-09-22;Rogue's Marker;Chaos Orb;0.001538;High
Allflame;2026-09-22;Sacred Orb;Chaos Orb;83.55;High
Allflame;2026-09-22;Tailoring Orb;Chaos Orb;529.9;High
Allflame;2026-09-22;Tainted Armourer's Scrap;Chaos Orb;2.79;High
Allflame;2026-09-22;Tainted Chaos Orb;Chaos Orb;10;High
Allflame;2026-09-22;Tainted Chromatic Orb;Chaos Orb;8.64;High
Allflame;2026-09-22;Volatile Vaal Orb;Chaos Orb;1591;High
Allflame;2026-09-22;Tainted Divine Teardrop;Chaos Orb;1716;High
Allflame;2026-09-22;Tainted Jeweller's Orb;Chaos Orb;1.71;High
Allflame;2026-09-22;Tainted Mythic Orb;Chaos Orb;17.21;High
Allflame;2026-09-22;Tempering Orb;Chaos Orb;425.2;High
Allflame;2026-09-22;Orb of Transmutation;Chaos Orb;0.007279;High
Allflame;2026-09-22;Vaal Orb;Chaos Orb;1.07;High
Allflame;2026-09-22;Veiled Chaos Orb;Chaos Orb;65.07;High
Allflame;2026-09-22;Warlord's Exalted Orb;Chaos Orb;480;High
Allflame;2026-09-22;Blacksmith's Whetstone;Chaos Orb;0.04666;High
Allflame;2026-09-22;Scroll of Wisdom;Chaos Orb;0.01165;High
Allflame;2026-09-22;Awakening Fragment;Chaos Orb;6.46;High
Allflame;2026-09-22;Baran's Crest;Chaos Orb;11.24;High
Allflame;2026-09-22;Al-Hezmin's Crest;Chaos Orb;9.26;High
Allflame;2026-09-22;Blazing Fragment;Chaos Orb;74.77;High
Allflame;2026-09-22;Fragment of the Chimera;Chaos Orb;6.03;High
Allflame;2026-09-22;Cosmic Fragment;Chaos Orb;221.3;High
Allflame;2026-09-22;Crescent Splinter;Chaos Orb;1.98;High
Allflame;2026-09-22;Decaying Fragment;Chaos Orb;130.2;High
Allflame;2026-09-22;Drox's Crest;Chaos Orb;14.93;High
Allflame;2026-09-22;Sacrifice at Dusk;Chaos Orb;0.1308;High
Allflame;2026-09-22;Echo of Loneliness;Chaos Orb;141.8;High
Allflame;2026-09-22;Fragment of Constriction;Chaos Orb;13.93;High
Allflame;2026-09-22;Fragment of Emptiness;Chaos Orb;41.07;High
Allflame;2026-09-22;Fragment of Enslavement;Chaos Orb;13.1;High
Allflame;2026-09-22;Fragment of Eradication;Chaos Orb;13.97;High
Allflame;2026-09-22;Fragment of Knowledge;Chaos Orb;100.9;High
Allflame;2026-09-22;Fragment of Purification;Chaos Orb;11.42;High
Allflame;2026-09-22;Fragment of Shape;Chaos Orb;74.79;High
Allflame;2026-09-22;Hivebrain Gland;Chaos Orb;9.35;High
Allflame;2026-09-22;Fragment of the Hydra;Chaos Orb;11.32;High
Allflame;2026-09-22;Mortal Ignorance;Chaos Orb;13.32;High
Allflame;2026-09-22;Memory of Loneliness;Chaos Orb;3.17;High
Allflame;2026-09-22;Sacrifice at Midnight;Chaos Orb;3.41;High
Allflame;2026-09-22;Dedication to the Goddess;Chaos Orb;33.39;High
Allflame;2026-09-22;Ritual Vessel;Chaos Orb;1.83;High
Allflame;2026-09-22;Sacred Blossom;Chaos Orb;37.4;High
Allflame;2026-09-22;The Maven's Writ;Chaos Orb;8.61;High
Allflame;2026-09-22;Timeless Maraketh Emblem;Chaos Orb;20.65;High
Allflame;2026-09-22;Timeless Templar Emblem;Chaos Orb;16.24;High
Allflame;2026-09-22;Traumatic Fragment;Chaos Orb;62.73;High
Allflame;2026-09-22;Zorath's Eye of the Endless;Chaos Orb;185.8;High
Allflame;2026-09-22;Sacrifice at Dawn;Chaos Orb;0.3091;High
Allflame;2026-09-22;Devouring Fragment;Chaos Orb;190.1;High
Allflame;2026-09-22;Echo of Reverence;Chaos Orb;313.4;High
Allflame;2026-09-22;Echo of Trauma;Chaos Orb;516;High
Allflame;2026-09-22;Fragment of Terror;Chaos Orb;41.9;High
Allflame;2026-09-22;Mortal Hope;Chaos Orb;16.84;High
Allflame;2026-09-22;Lonely Fragment;Chaos Orb;63.19;High
Allflame;2026-09-22;Memory of Reverence;Chaos Orb;13.3;High
Allflame;2026-09-22;Memory of Trauma;Chaos Orb;68.7;High
Allflame;2026-09-22;Fragment of the Minotaur;Chaos Orb;15.55;High
Allflame;2026-09-22;Tribute to the Goddess;Chaos Orb;10.6;High
Allflame;2026-09-22;Fragment of the Phoenix;Chaos Orb;7.17;High
Allflame;2026-09-22;Mortal Rage;Chaos Orb;10.67;High
Allflame;2026-09-22;Reality Fragment;Chaos Orb;211.1;High
Allflame;2026-09-22;Reverent Fragment;Chaos Orb;167.7;High
Allflame;2026-09-22;Synthesising Fragment;Chaos Orb;7.66;High
Allflame;2026-09-22;Timeless Eternal Emblem;Chaos Orb;4.63;High
Allflame;2026-09-22;Timeless Karui Emblem;Chaos Orb;1.79;High
Allflame;2026-09-22;Timeless Vaal Emblem;Chaos Orb;12.25;High
Allflame;2026-09-22;Veritania's Crest;Chaos Orb;19.58;High
Allflame;2026-09-16;Reflecting Mist;Chaos Orb;1765.930354267311;Medium
Allflame;2026-09-17;Reflecting Mist;Chaos Orb;1736.0197262479871;Medium
Allflame;2026-09-18;Reflecting Mist;Chaos Orb;1785.5269726247986;Medium
Allflame;2026-09-19;Reflecting Mist;Chaos Orb;1702.3272946859902;Medium
Allflame;2026-09-20;Reflecting Mist;Chaos Orb;1767.133655394525;Medium
Allflame;2026-09-21;Reflecting Mist;Chaos Orb;1724.1586151368758;Medium
Allflame;2026-09-16;Divine Orb;Chaos Orb;352.0948228365157;Medium
Allflame;2026-09-17;Divine Orb;Chaos Orb;359.6682625629335;Medium
Allflame;2026-09-18;Divine Orb;Chaos Orb;363.490044647098;Medium
Allflame;2026-09-19;Divine Orb;Chaos Orb;359.42282701624396;Medium
Allflame;2026-09-20;Divine Orb;Chaos Orb;360.7551914125582;Medium
Allflame;2026-09-21;Divine Orb;Chaos Orb;366.9261423007505;Medium
Allflame;2026-09-16;Orb of Conflict;Chaos Orb;505.37125444388016;Medium
Allflame;2026-09-17;Orb of Conflict;Chaos Orb;495.6731843575419;Medium
Allflame;2026-09-18;Orb of Conflict;Chaos Orb;450.23692229558156;Medium
Allflame;2026-09-19;Orb of Conflict;Chaos Orb;462.8819197562214;Medium
Allflame;2026-09-20;Orb of Conflict;Chaos Orb;442.8963941086846;Medium
Allflame;2026-09-21;Orb of Conflict;Chaos Orb;419.21381411884204;Medium
Allflame;2026-09-16;Fracturing Orb;Chaos Orb;662.5898617511521;Medium
Allflame;2026-09-17;Fracturing Orb;Chaos Orb;638;Medium
Allflame;2026-09-18;Fracturing Orb;Chaos Orb;610.6036866359447;Medium
Allflame;2026-09-19;Fracturing Orb;Chaos Orb;597.8410138248848;Medium
Allflame;2026-09-20;Fracturing Orb;Chaos Orb;616.5506912442396;Medium
Allflame;2026-09-21;Fracturing Orb;Chaos Orb;593.63133640553;Medium
Allflame;2026-09-16;Prismatic Catalyst;Chaos Orb;123.66451652537167;Medium
Allflame;2026-09-17;Prismatic Catalyst;Chaos Orb;122.61911782774295;Medium
Allflame;2026-09-18;Prismatic Catalyst;Chaos Orb;120.07326452881188;Medium
Allflame;2026-09-19;Prismatic Catalyst;Chaos Orb;112.01754515296719;Medium
Allflame;2026-09-20;Prismatic Catalyst;Chaos Orb;107.19641233566776;Medium
Allflame;2026-09-21;Prismatic Catalyst;Chaos Orb;106.87664332227546;Medium
Allflame;2026-09-16;Accelerating Catalyst;Chaos Orb;3.452793602103418;Medium
Allflame;2026-09-17;Accelerating Catalyst;Chaos Orb;2.6846779141104298;Medium
Allflame;2026-09-18;Accelerating Catalyst;Chaos Orb;2.7751906222611744;Medium
Allflame;2026-09-19;Accelerating Catalyst;Chaos Orb;2.541099912357581;Medium
Allflame;2026-09-20;Accelerating Catalyst;Chaos Orb;2.765251971954426;Medium
Allflame;2026-09-21;Accelerating Catalyst;Chaos Orb;2.604281332164768;Medium
Allflame;2026-09-16;Tainted Catalyst;Chaos Orb;16.33304417456293;Medium
Allflame;2026-09-17;Tainted Catalyst;Chaos Orb;16.42498331776325;Medium
Allflame;2026-09-18;Tainted Catalyst;Chaos Orb;15.586454023755508;Medium
Allflame;2026-09-19;Tainted Catalyst;Chaos Orb;14.433337781929803;Medium
Allflame;2026-09-20;Tainted Catalyst;Chaos Orb;15.205405044708398;Medium
Allflame;2026-09-21;Tainted Catalyst;Chaos Orb;17.573668757507008;Medium
Allflame;2026-09-16;Orb of Annulment;Chaos Orb;19.851802596747763;Medium
Allflame;2026-09-17;Orb of Annulment;Chaos Orb;17.859082314382956;Medium
Allflame;2026-09-18;Orb of Annulment;Chaos Orb;18.501061389133998;Medium
Allflame;2026-09-19;Orb of Annulment;Chaos Orb;17.785836379679818;Medium
Allflame;2026-09-20;Orb of Annulment;Chaos Orb;18.231774864490106;Medium
Allflame;2026-09-21;Orb of Annulment;Chaos Orb;16.359694945165764;Medium
Allflame;2026-09-16;Ancient Orb;Chaos Orb;11.119865596247518;Medium
Allflame;2026-09-17;Ancient Orb;Chaos Orb;10.479459678874255;Medium
Allflame;2026-09-18;Ancient Orb;Chaos Orb;10.538940104636477;Medium
Allflame;2026-09-19;Ancient Orb;Chaos Orb;10.576611040952553;Medium
Allflame;2026-09-20;Ancient Orb;Chaos Orb;11.571916832040412;Medium
Allflame;2026-09-21;Ancient Orb;Chaos Orb;10.793714594984666;Medium
Allflame;2026-09-16;Unstable Catalyst;Chaos Orb;5.779037679995986;Medium
Allflame;2026-09-17;Unstable Catalyst;Chaos Orb;7.194545180874015;Medium
Allflame;2026-09-18;Unstable Catalyst;Chaos Orb;7.098941347649391;Medium
Allflame;2026-09-19;Unstable Catalyst;Chaos Orb;5.700556921378756;Medium
Allflame;2026-09-20;Unstable Catalyst;Chaos Orb;8.774148813406253;Medium
Allflame;2026-09-21;Unstable Catalyst;Chaos Orb;9.270717977020722;Medium
Allflame;2026-09-16;Stacked Deck;Chaos Orb;8.198121696229297;Medium
Allflame;2026-09-17;Stacked Deck;Chaos Orb;7.507917302948432;Medium
Allflame;2026-09-18;Stacked Deck;Chaos Orb;6.890581463643839;Medium
Allflame;2026-09-19;Stacked Deck;Chaos Orb;6.39933278515212;Medium
Allflame;2026-09-20;Stacked Deck;Chaos Orb;6.744025607893809;Medium
Allflame;2026-09-21;Stacked Deck;Chaos Orb;7.143574533067074;Medium
Allflame;2026-09-16;Imbued Catalyst;Chaos Orb;2.1222769133058117;Medium
Allflame;2026-09-17;Imbued Catalyst;Chaos Orb;1.977691330581137;Medium
Allflame;2026-09-18;Imbued Catalyst;Chaos Orb;1.8238964750714513;Medium
Allflame;2026-09-19;Imbued Catalyst;Chaos Orb;1.9193659362760664;Medium
Allflame;2026-09-20;Imbued Catalyst;Chaos Orb;1.9119985180480576;Medium
Allflame;2026-09-21;Imbued Catalyst;Chaos Orb;1.6588970043400022;Medium
Allflame;2026-09-16;Chromatic Orb;Chaos Orb;5.123880946801032;Medium
Allflame;2026-09-17;Chromatic Orb;Chaos Orb;5.090883524724632;Medium
Allflame;2026-09-18;Chromatic Orb;Chaos Orb;4.79545348019686;Medium
Allflame;2026-09-19;Chromatic Orb;Chaos Orb;4.979001640496836;Medium
Allflame;2026-09-20;Chromatic Orb;Chaos Orb;4.739770330442934;Medium
Allflame;2026-09-21;Chromatic Orb;Chaos Orb;4.290180454651981;Medium
Allflame;2026-09-16;Enkindling Orb;Chaos Orb;1.8452588306942752;Medium
Allflame;2026-09-17;Enkindling Orb;Chaos Orb;1.9567174177831912;Medium
Allflame;2026-09-18;Enkindling Orb;Chaos Orb;1.7205207064555421;Medium
Allflame;2026-09-19;Enkindling Orb;Chaos Orb;1.724698538367844;Medium
Allflame;2026-09-20;Enkindling Orb;Chaos Orb;1.8585383678440928;Medium
Allflame;2026-09-21;Enkindling Orb;Chaos Orb;1.862268574908648;Medium
Allflame;2026-09-16;Exalted Orb;Chaos Orb;2.2361653368528405;Medium
Allflame;2026-09-17;Exalted Orb;Chaos Orb;2.2333265342851996;Medium
Allflame;2026-09-18;Exalted Orb;Chaos Orb;2.8049397084408176;Medium
Allflame;2026-09-19;Exalted Orb;Chaos Orb;3.0099418081468587;Medium
Allflame;2026-09-20;Exalted Orb;Chaos Orb;3.475099886015957;Medium
Allflame;2026-09-21;Exalted Orb;Chaos Orb;3.656783250344951;Medium
Allflame;2026-09-16;Scrying Orb;Chaos Orb;2;Medium
Allflame;2026-09-17;Scrying Orb;Chaos Orb;2;Medium
Allflame;2026-09-18;Scrying Orb;Chaos Orb;2;Medium
Allflame;2026-09-19;Scrying Orb;Chaos Orb;2;Medium
Allflame;2026-09-20;Scrying Orb;Chaos Orb;3;Medium
Allflame;2026-09-21;Scrying Orb;Chaos Orb;3;Medium
Allflame;2026-09-16;Gemcutter's Prism;Chaos Orb;2.6889700628310953;Medium
Allflame;2026-09-17;Gemcutter's Prism;Chaos Orb;2.187745472465197;Medium
Allflame;2026-09-18;Gemcutter's Prism;Chaos Orb;2.089069853394111;Medium
Allflame;2026-09-19;Gemcutter's Prism;Chaos Orb;2.247426389059998;Medium
Allflame;2026-09-20;Gemcutter's Prism;Chaos Orb;2.532753480349883;Medium
Allflame;2026-09-21;Gemcutter's Prism;Chaos Orb;2.0707613650363434;Medium
Allflame;2026-09-16;Intrinsic Catalyst;Chaos Orb;2.60691169133544;Medium
Allflame;2026-09-17;Intrinsic Catalyst;Chaos Orb;3.664047064693165;Medium
Allflame;2026-09-18;Intrinsic Catalyst;Chaos Orb;4.02115167137868;Medium
Allflame;2026-09-19;Intrinsic Catalyst;Chaos Orb;2.883511558290371;Medium
Allflame;2026-09-20;Intrinsic Catalyst;Chaos Orb;3.013280392482954;Medium
Allflame;2026-09-21;Intrinsic Catalyst;Chaos Orb;3.1014751372027276;Medium
Allflame;2026-09-16;Turbulent Catalyst;Chaos Orb;2.927147039687703;Medium
Allflame;2026-09-17;Turbulent Catalyst;Chaos Orb;3.1850406636304487;Medium
Allflame;2026-09-18;Turbulent Catalyst;Chaos Orb;2.556084905660377;Medium
Allflame;2026-09-19;Turbulent Catalyst;Chaos Orb;2.687389394925179;Medium
Allflame;2026-09-20;Turbulent Catalyst;Chaos Orb;2.957978204294079;Medium
Allflame;2026-09-21;Turbulent Catalyst;Chaos Orb;2.8654847104749512;Medium
Allflame;2026-09-16;Abrasive Catalyst;Chaos Orb;2.077675354948082;Medium
Allflame;2026-09-17;Abrasive Catalyst;Chaos Orb;2.221996185632549;Medium
Allflame;2026-09-18;Abrasive Catalyst;Chaos Orb;1.8527527018436107;Medium
Allflame;2026-09-19;Abrasive Catalyst;Chaos Orb;2.2339775376139013;Medium
Allflame;2026-09-20;Abrasive Catalyst;Chaos Orb;2.2392420710602527;Medium
Allflame;2026-09-21;Abrasive Catalyst;Chaos Orb;1.5730062866426504;Medium
Allflame;2026-09-16;Fertile Catalyst;Chaos Orb;40.5581135371179;Medium
Allflame;2026-09-17;Fertile Catalyst;Chaos Orb;38.63056768558952;Medium
Allflame;2026-09-18;Fertile Catalyst;Chaos Orb;39.239895196506545;Medium
Allflame;2026-09-19;Fertile Catalyst;Chaos Orb;35.11399126637554;Medium
Allflame;2026-09-20;Fertile Catalyst;Chaos Orb;33.20635807860262;Medium
Allflame;2026-09-21;Fertile Catalyst;Chaos Orb;36.95392139737991;Medium
Allflame;2026-09-16;Orb of Scouring;Chaos Orb;0.6707009529911108;Medium
Allflame;2026-09-17;Orb of Scouring;Chaos Orb;0.6545251541603269;Medium
Allflame;2026-09-18;Orb of Scouring;Chaos Orb;0.8051028109233604;Medium
Allflame;2026-09-19;Orb of Scouring;Chaos Orb;0.7000790582205494;Medium
Allflame;2026-09-20;Orb of Scouring;Chaos Orb;0.6651107872187075;Medium
Allflame;2026-09-21;Orb of Scouring;Chaos Orb;0.751579947145031;Medium
Allflame;2026-09-16;Orb of Alteration;Chaos Orb;0.27742822757111596;Medium
Allflame;2026-09-17;Orb of Alteration;Chaos Orb;0.2634199228925706;Medium
Allflame;2026-09-18;Orb of Alteration;Chaos Orb;0.26538693341669267;Medium
Allflame;2026-09-19;Orb of Alteration;Chaos Orb;0.26076180056267584;Medium
Allflame;2026-09-20;Orb of Alteration;Chaos Orb;0.24335109930186516;Medium
Allflame;2026-09-21;Orb of Alteration;Chaos Orb;0.2336489527977493;Medium
Allflame;2026-09-16;Orb of Fusing;Chaos Orb;0.09488426597582039;Medium
Allflame;2026-09-17;Orb of Fusing;Chaos Orb;0.100209792746114;Medium
Allflame;2026-09-18;Orb of Fusing;Chaos Orb;0.10179557858376512;Medium
Allflame;2026-09-19;Orb of Fusing;Chaos Orb;0.10559468048359241;Medium
Allflame;2026-09-20;Orb of Fusing;Chaos Orb;0.11686478411053543;Medium
Allflame;2026-09-21;Orb of Fusing;Chaos Orb;0.09514715025906735;Medium
Allflame;2026-09-16;Armourer's Scrap;Chaos Orb;0.12255587965616045;Medium
Allflame;2026-09-17;Armourer's Scrap;Chaos Orb;0.10977227316141355;Medium
Allflame;2026-09-18;Armourer's Scrap;Chaos Orb;0.11721718815663801;Medium
Allflame;2026-09-19;Armourer's Scrap;Chaos Orb;0.1263149035339064;Medium
Allflame;2026-09-20;Armourer's Scrap;Chaos Orb;0.11581303915950335;Medium
Allflame;2026-09-21;Armourer's Scrap;Chaos Orb;0.1549244393505253;Medium
Allflame;2026-09-16;Jeweller's Orb;Chaos Orb;0.013990288706481741;Medium
Allflame;2026-09-17;Jeweller's Orb;Chaos Orb;0.015559230116048683;Medium
Allflame;2026-09-18;Jeweller's Orb;Chaos Orb;0.012835467025191054;Medium
Allflame;2026-09-19;Jeweller's Orb;Chaos Orb;0.01419342060571752;Medium
Allflame;2026-09-20;Jeweller's Orb;Chaos Orb;0.01824820266062836;Medium
Allflame;2026-09-21;Jeweller's Orb;Chaos Orb;0.014903821115199544;Medium
Allflame;2026-09-16;Vivid Crystallised Lifeforce;Chaos Orb;0.1667333669863705;Medium
Allflame;2026-09-17;Vivid Crystallised Lifeforce;Chaos Orb;0.14652781423523473;Medium
Allflame;2026-09-18;Vivid Crystallised Lifeforce;Chaos Orb;0.13479131751640586;Medium
Allflame;2026-09-19;Vivid Crystallised Lifeforce;Chaos Orb;0.1065861686017163;Medium
Allflame;2026-09-20;Vivid Crystallised Lifeforce;Chaos Orb;0.11578758202927815;Medium
Allflame;2026-09-21;Vivid Crystallised Lifeforce;Chaos Orb;0.11691428571428572;Medium
Allflame;2026-09-16;Dead Man's Sulphur;Chaos Orb;0.0102344433776141;Medium
Allflame;2026-09-17;Dead Man's Sulphur;Chaos Orb;0.010872281204787585;Medium
Allflame;2026-09-18;Dead Man's Sulphur;Chaos Orb;0.010874283835328161;Medium
Allflame;2026-09-19;Dead Man's Sulphur;Chaos Orb;0.009582587136656584;Medium
Allflame;2026-09-20;Dead Man's Sulphur;Chaos Orb;0.008694420491911088;Medium
Allflame;2026-09-21;Dead Man's Sulphur;Chaos Orb;0.007473817177429962;Medium
Allflame;2026-09-16;Primal Crystallised Lifeforce;Chaos Orb;0.04512597196729518;Medium
Allflame;2026-09-17;Primal Crystallised Lifeforce;Chaos Orb;0.0455175704989154;Medium
Allflame;2026-09-18;Primal Crystallised Lifeforce;Chaos Orb;0.044536270649090604;Medium
Allflame;2026-09-19;Primal Crystallised Lifeforce;Chaos Orb;0.049226238945436346;Medium
Allflame;2026-09-20;Primal Crystallised Lifeforce;Chaos Orb;0.05296254964124812;Medium
Allflame;2026-09-21;Primal Crystallised Lifeforce;Chaos Orb;0.05478693809444352;Medium
Allflame;2026-09-16;Wild Crystallised Lifeforce;Chaos Orb;0.03054881814340048;Medium
Allflame;2026-09-17;Wild Crystallised Lifeforce;Chaos Orb;0.028276858712494718;Medium
Allflame;2026-09-18;Wild Crystallised Lifeforce;Chaos Orb;0.028625397943372308;Medium
Allflame;2026-09-19;Wild Crystallised Lifeforce;Chaos Orb;0.026882701788984366;Medium
Allflame;2026-09-20;Wild Crystallised Lifeforce;Chaos Orb;0.025756403718833643;Medium
Allflame;2026-09-21;Wild Crystallised Lifeforce;Chaos Orb;0.02742164671080434;Medium
Allflame;2026-09-16;Reverent Reliquary Key;Chaos Orb;3181.4243631952872;Medium
Allflame;2026-09-17;Reverent Reliquary Key;Chaos Orb;3204.9669034829326;Medium
Allflame;2026-09-18;Reverent Reliquary Key;Chaos Orb;2975.586206896552;Medium
Allflame;2026-09-19;Reverent Reliquary Key;Chaos Orb;3077.709928955121;Medium
Allflame;2026-09-20;Reverent Reliquary Key;Chaos Orb;3086.9360596083875;Medium
Allflame;2026-09-21;Reverent Reliquary Key;Chaos Orb;3077.709928955121;Medium
Allflame;2026-09-16;Syndicate Medallion;Chaos Orb;1444.8062520351675;Medium
Allflame;2026-09-17;Syndicate Medallion;Chaos Orb;1457.9539889286877;Medium
Allflame;2026-09-18;Syndicate Medallion;Chaos Orb;1552.4443178117874;Medium
Allflame;2026-09-19;Syndicate Medallion;Chaos Orb;1586.8307066102245;Medium
Allflame;2026-09-20;Syndicate Medallion;Chaos Orb;1526.293324649951;Medium
Allflame;2026-09-21;Syndicate Medallion;Chaos Orb;1505.0546727450342;Medium
Allflame;2026-09-18;Archive Reliquary Key;Chaos Orb;3460.559796437659;Medium
Allflame;2026-09-19;Archive Reliquary Key;Chaos Orb;2744.569974554707;Medium
Allflame;2026-09-20;Archive Reliquary Key;Chaos Orb;2052.458015267175;Medium
Allflame;2026-09-21;Archive Reliquary Key;Chaos Orb;1705.3638676844782;Medium
Allflame;2026-09-16;Shiny Reliquary Key;Chaos Orb;1348.0176211453745;Medium
Allflame;2026-09-17;Shiny Reliquary Key;Chaos Orb;1295.984140969163;Medium
Allflame;2026-09-18;Shiny Reliquary Key;Chaos Orb;1295.984140969163;Medium
Allflame;2026-09-19;Shiny Reliquary Key;Chaos Orb;1367.9682819383258;Medium
Allflame;2026-09-20;Shiny Reliquary Key;Chaos Orb;1372.0123348017623;Medium
Allflame;2026-09-21;Shiny Reliquary Key;Chaos Orb;1329.9541850220264;Medium
Allflame;2026-09-16;Zorath's Eye of the Inevitable;Chaos Orb;648.0304955527318;Medium
Allflame;2026-09-17;Zorath's Eye of the Inevitable;Chaos Orb;513.6289707750952;Medium
Allflame;2026-09-18;Zorath's Eye of the Inevitable;Chaos Orb;690.0228716645488;Medium
Allflame;2026-09-19;Zorath's Eye of the Inevitable;Chaos Orb;690.0228716645488;Medium
Allflame;2026-09-20;Zorath's Eye of the Inevitable;Chaos Orb;994.7268106734435;Medium
Allflame;2026-09-21;Zorath's Eye of the Inevitable;Chaos Orb;923.4434561626429;Medium
Allflame;2026-09-16;Forgotten Reliquary Key;Chaos Orb;549.3721461187215;Medium
Allflame;2026-09-17;Forgotten Reliquary Key;Chaos Orb;539.9778824200914;Medium
Allflame;2026-09-18;Forgotten Reliquary Key;Chaos Orb;464.9885844748859;Medium
Allflame;2026-09-19;Forgotten Reliquary Key;Chaos Orb;449.99072488584477;Medium
Allflame;2026-09-20;Forgotten Reliquary Key;Chaos Orb;447.9580479452055;Medium
Allflame;2026-09-21;Forgotten Reliquary Key;Chaos Orb;429.99357876712327;Medium
Allflame;2026-09-16;Voidborn Reliquary Key;Chaos Orb;677.9783393501805;Medium
Allflame;2026-09-17;Voidborn Reliquary Key;Chaos Orb;963.0004332129963;Medium
Allflame;2026-09-18;Voidborn Reliquary Key;Chaos Orb;1031.9508303249097;Medium
Allflame;2026-09-19;Voidborn Reliquary Key;Chaos Orb;1025.9846209386283;Medium
Allflame;2026-09-20;Voidborn Reliquary Key;Chaos Orb;1025.9846209386283;Medium
Allflame;2026-09-21;Voidborn Reliquary Key;Chaos Orb;698.995667870036;Medium
Allflame;2026-09-16;Oubliette Reliquary Key;Chaos Orb;337.0229638195936;Medium
Allflame;2026-09-17;Oubliette Reliquary Key;Chaos Orb;324.0138774161573;Medium
Allflame;2026-09-18;Oubliette Reliquary Key;Chaos Orb;336.01189492813484;Medium
Allflame;2026-09-19;Oubliette Reliquary Key;Chaos Orb;317.81265488187677;Medium
Allflame;2026-09-20;Oubliette Reliquary Key;Chaos Orb;277.0328762597059;Medium
Allflame;2026-09-21;Oubliette Reliquary Key;Chaos Orb;280.0323806377003;Medium
Allflame;2026-09-16;Valdo's Puzzle Box;Chaos Orb;338.9830508474576;Medium
Allflame;2026-09-17;Valdo's Puzzle Box;Chaos Orb;325.3559322033898;Medium
Allflame;2026-09-18;Valdo's Puzzle Box;Chaos Orb;344.9830508474576;Medium
Allflame;2026-09-19;Valdo's Puzzle Box;Chaos Orb;342.9830508474576;Medium
Allflame;2026-09-20;Valdo's Puzzle Box;Chaos Orb;342.9830508474576;Medium
Allflame;2026-09-21;Valdo's Puzzle Box;Chaos Orb;341.9661016949152;Medium
Allflame;2026-09-16;Gift to the Goddess;Chaos Orb;37.998045814786664;Medium
Allflame;2026-09-17;Gift to the Goddess;Chaos Orb;35.99934860492888;Medium
Allflame;2026-09-18;Gift to the Goddess;Chaos Orb;32.99750298556074;Medium
Allflame;2026-09-19;Gift to the Goddess;Chaos Orb;32.49972858538703;Medium
Allflame;2026-09-20;Gift to the Goddess;Chaos Orb;33.49907719031592;Medium
Allflame;2026-09-21;Gift to the Goddess;Chaos Orb;34.49842579524481;Medium
Allflame;2026-09-16;An Audience With The King;Chaos Orb;40;Medium
Allflame;2026-09-17;An Audience With The King;Chaos Orb;40;Medium
Allflame;2026-09-18;An Audience With The King;Chaos Orb;39.4;Medium
Allflame;2026-09-19;An Audience With The King;Chaos Orb;42.300000000000004;Medium
Allflame;2026-09-20;An Audience With The King;Chaos Orb;36.6;Medium
Allflame;2026-09-21;An Audience With The King;Chaos Orb;35.8;Medium
Allflame;2026-09-16;Timeless Templar Splinter;Chaos Orb;100.00000000000001;Medium
Allflame;2026-09-17;Timeless Templar Splinter;Chaos Orb;111.00000000000003;Medium
Allflame;2026-09-18;Timeless Templar Splinter;Chaos Orb;15.799999999999994;Medium
Allflame;2026-09-19;Timeless Templar Splinter;Chaos Orb;19.20000000000001;Medium
Allflame;2026-09-20;Timeless Templar Splinter;Chaos Orb;19.20000000000001;Medium
Allflame;2026-09-21;Timeless Templar Splinter;Chaos Orb;20;Medium
Allflame;2026-09-16;Simulacrum;Chaos Orb;84.50123660346247;Medium
Allflame;2026-09-17;Simulacrum;Chaos Orb;159.2003297609233;Medium
Allflame;2026-09-18;Simulacrum;Chaos Orb;154.1049051937345;Medium
Allflame;2026-09-19;Simulacrum;Chaos Orb;52.39921681780708;Medium
Allflame;2026-09-20;Simulacrum;Chaos Orb;106.5053586150041;Medium
Allflame;2026-09-21;Simulacrum;Chaos Orb;200.01442704039567;Medium
Allflame;2026-09-16;Mortal Grief;Chaos Orb;25.000000000000004;Medium
Allflame;2026-09-17;Mortal Grief;Chaos Orb;25.000000000000004;Medium
Allflame;2026-09-18;Mortal Grief;Chaos Orb;23.8;Medium
Allflame;2026-09-19;Mortal Grief;Chaos Orb;19.600000000000005;Medium
Allflame;2026-09-20;Mortal Grief;Chaos Orb;15.400000000000002;Medium
Allflame;2026-09-21;Mortal Grief;Chaos Orb;10.000000000000002;Medium
Allflame;2026-09-16;Message in a Bottle;Chaos Orb;10.500308832612724;Medium
Allflame;2026-09-17;Message in a Bottle;Chaos Orb;10.400555898702903;Medium
Allflame;2026-09-18;Message in a Bottle;Chaos Orb;10.90037059913527;Medium
Allflame;2026-09-19;Message in a Bottle;Chaos Orb;8.5;Medium
Allflame;2026-09-20;Message in a Bottle;Chaos Orb;6.499691167387276;Medium
Allflame;2026-09-21;Message in a Bottle;Chaos Orb;8.999814700432365;Medium
Allflame;2026-09-16;Timeless Eternal Empire Splinter;Chaos Orb;7.300158170093685;Medium
Allflame;2026-09-17;Timeless Eternal Empire Splinter;Chaos Orb;11.799975666139431;Medium
Allflame;2026-09-18;Timeless Eternal Empire Splinter;Chaos Orb;11.49993916534858;Medium
Allflame;2026-09-19;Timeless Eternal Empire Splinter;Chaos Orb;12.700085168511983;Medium
Allflame;2026-09-20;Timeless Eternal Empire Splinter;Chaos Orb;13.000121669302834;Medium
Allflame;2026-09-21;Timeless Eternal Empire Splinter;Chaos Orb;5.199902664557731;Medium
Allflame;2026-09-16;Zorath's Eye of Authority;Chaos Orb;6.499837504062399;Medium
Allflame;2026-09-17;Zorath's Eye of Authority;Chaos Orb;8.999675008124798;Medium
Allflame;2026-09-18;Zorath's Eye of Authority;Chaos Orb;3.699707507312318;Medium
Allflame;2026-09-19;Zorath's Eye of Authority;Chaos Orb;18.49853753656159;Medium
Allflame;2026-09-20;Zorath's Eye of Authority;Chaos Orb;32.499187520312;Medium
Allflame;2026-09-21;Zorath's Eye of Authority;Chaos Orb;7.199870003249919;Medium
Allflame;2026-09-16;Zorath's Eye of Malevolence;Chaos Orb;4;Medium
Allflame;2026-09-17;Zorath's Eye of Malevolence;Chaos Orb;3.6;Medium
Allflame;2026-09-18;Zorath's Eye of Malevolence;Chaos Orb;5.9;Medium
Allflame;2026-09-19;Zorath's Eye of Malevolence;Chaos Orb;7.8;Medium
Allflame;2026-09-20;Zorath's Eye of Malevolence;Chaos Orb;3;Medium
Allflame;2026-09-21;Zorath's Eye of Malevolence;Chaos Orb;3;Medium
Allflame;2026-09-16;Timeless Vaal Splinter;Chaos Orb;21.208907741251313;Medium
Allflame;2026-09-17;Timeless Vaal Splinter;Chaos Orb;21.208907741251313;Medium
Allflame;2026-09-18;Timeless Vaal Splinter;Chaos Orb;23.4103923647932;Medium
Allflame;2026-09-19;Timeless Vaal Splinter;Chaos Orb;19.308589607635195;Medium
Allflame;2026-09-20;Timeless Vaal Splinter;Chaos Orb;11.80487804878048;Medium
Allflame;2026-09-21;Timeless Vaal Splinter;Chaos Orb;3.6012725344644743;Medium
Allflame;2026-09-16;Simulacrum Splinter;Chaos Orb;1;Medium
Allflame;2026-09-17;Simulacrum Splinter;Chaos Orb;1;Medium
Allflame;2026-09-18;Simulacrum Splinter;Chaos Orb;1;Medium
Allflame;2026-09-19;Simulacrum Splinter;Chaos Orb;1;Medium
Allflame;2026-09-20;Simulacrum Splinter;Chaos Orb;1;Medium
Allflame;2026-09-21;Simulacrum Splinter;Chaos Orb;1.2;Medium
Allflame;2026-09-16;Offering to the Goddess;Chaos Orb;1;Medium
Allflame;2026-09-17;Offering to the Goddess;Chaos Orb;1;Medium
Allflame;2026-09-18;Offering to the Goddess;Chaos Orb;1;Medium
Allflame;2026-09-19;Offering to the Goddess;Chaos Orb;1;Medium
Allflame;2026-09-20;Offering to the Goddess;Chaos Orb;1.0667;Medium
Allflame;2026-09-21;Offering to the Goddess;Chaos Orb;1;Medium
Allflame;2026-09-16;Divine Vessel;Chaos Orb;1.1900511722004046;Medium
Allflame;2026-09-17;Divine Vessel;Chaos Orb;1.0099964298464834;Medium
Allflame;2026-09-18;Divine Vessel;Chaos Orb;1;Medium
Allflame;2026-09-19;Divine Vessel;Chaos Orb;1;Medium
Allflame;2026-09-20;Divine Vessel;Chaos Orb;1;Medium
Allflame;2026-09-21;Divine Vessel;Chaos Orb;1;Medium
Allflame;2026-09-16;Blessed Orb;Chaos Orb;0.2288493904020752;Medium
Allflame;2026-09-17;Blessed Orb;Chaos Orb;0.5026122957198443;Medium
Allflame;2026-09-18;Blessed Orb;Chaos Orb;0.14416964980544747;Medium
Allflame;2026-09-19;Blessed Orb;Chaos Orb;0.13214412451361868;Medium
Allflame;2026-09-20;Blessed Orb;Chaos Orb;0.18024622568093387;Medium
Allflame;2026-09-21;Blessed Orb;Chaos Orb;0.1493169390402075;Medium
Allflame;2026-09-16;Orb of Alchemy;Chaos Orb;0.02465210800939212;Medium
Allflame;2026-09-17;Orb of Alchemy;Chaos Orb;0.026048145056091838;Medium
Allflame;2026-09-18;Orb of Alchemy;Chaos Orb;0.03184253978606835;Medium
Allflame;2026-09-19;Orb of Alchemy;Chaos Orb;0.0199846347508479;Medium
Allflame;2026-09-20;Orb of Alchemy;Chaos Orb;0.020604161231411428;Medium
Allflame;2026-09-21;Orb of Alchemy;Chaos Orb;0.0193987477171928;Medium
Allflame;2026-09-16;Orb of Augmentation;Chaos Orb;0.048245034202095416;Medium
Allflame;2026-09-17;Orb of Augmentation;Chaos Orb;0.05412258030998355;Medium
Allflame;2026-09-18;Orb of Augmentation;Chaos Orb;0.04607538488180794;Medium
Allflame;2026-09-19;Orb of Augmentation;Chaos Orb;0.04996973590787081;Medium
Allflame;2026-09-20;Orb of Augmentation;Chaos Orb;0.045338043120616504;Medium
Allflame;2026-09-21;Orb of Augmentation;Chaos Orb;0.03092174041042514;Medium
Allflame;2026-09-16;Awakener's Orb;Chaos Orb;1013.9929184121285;Medium
Allflame;2026-09-17;Awakener's Orb;Chaos Orb;1004.6501097147416;Medium
Allflame;2026-09-18;Awakener's Orb;Chaos Orb;1010.1166467185318;Medium
Allflame;2026-09-19;Awakener's Orb;Chaos Orb;1026.218082984241;Medium
Allflame;2026-09-20;Awakener's Orb;Chaos Orb;1012.6014362657091;Medium
Allflame;2026-09-21;Awakener's Orb;Chaos Orb;974.5344604029524;Medium
Allflame;2026-09-16;Glassblower's Bauble;Chaos Orb;0.7412817610062893;Medium
Allflame;2026-09-17;Glassblower's Bauble;Chaos Orb;0.7552300489168414;Medium
Allflame;2026-09-18;Glassblower's Bauble;Chaos Orb;0.7734325646401118;Medium
Allflame;2026-09-19;Glassblower's Bauble;Chaos Orb;0.6153984626135569;Medium
Allflame;2026-09-20;Glassblower's Bauble;Chaos Orb;0.47591558350803637;Medium
Allflame;2026-09-21;Glassblower's Bauble;Chaos Orb;0.6754458420684836;Medium
Allflame;2026-09-16;Orb of Chance;Chaos Orb;0.12570497592295346;Medium
Allflame;2026-09-17;Orb of Chance;Chaos Orb;0.12762921348314607;Medium
Allflame;2026-09-18;Orb of Chance;Chaos Orb;0.13008796147672552;Medium
Allflame;2026-09-19;Orb of Chance;Chaos Orb;0.12078747993579454;Medium
Allflame;2026-09-20;Orb of Chance;Chaos Orb;0.125930658105939;Medium
Allflame;2026-09-21;Orb of Chance;Chaos Orb;0.12230786516853934;Medium
Allflame;2026-09-16;Elder's Exalted Orb;Chaos Orb;119.39776217639316;Medium
Allflame;2026-09-17;Elder's Exalted Orb;Chaos Orb;106.17992540587979;Medium
Allflame;2026-09-18;Elder's Exalted Orb;Chaos Orb;104.61037735849057;Medium
Allflame;2026-09-19;Elder's Exalted Orb;Chaos Orb;107.23376480912681;Medium
Allflame;2026-09-20;Elder's Exalted Orb;Chaos Orb;92.25579201404125;Medium
Allflame;2026-09-21;Elder's Exalted Orb;Chaos Orb;92.30063624396665;Medium
Allflame;2026-09-16;Eldritch Chaos Orb;Chaos Orb;51.07363214837712;Medium
Allflame;2026-09-17;Eldritch Chaos Orb;Chaos Orb;47.50071097372488;Medium
Allflame;2026-09-18;Eldritch Chaos Orb;Chaos Orb;46.0843029366306;Medium
Allflame;2026-09-19;Eldritch Chaos Orb;Chaos Orb;41.38846367851623;Medium
Allflame;2026-09-20;Eldritch Chaos Orb;Chaos Orb;38.00694899536321;Medium
Allflame;2026-09-21;Eldritch Chaos Orb;Chaos Orb;41.165156105100465;Medium
Allflame;2026-09-16;Eldritch Exalted Orb;Chaos Orb;3.4624623911322248;Medium
Allflame;2026-09-17;Eldritch Exalted Orb;Chaos Orb;3.633808392715756;Medium
Allflame;2026-09-18;Eldritch Exalted Orb;Chaos Orb;3.466706254948535;Medium
Allflame;2026-09-19;Eldritch Exalted Orb;Chaos Orb;3.841757719714964;Medium
Allflame;2026-09-20;Eldritch Exalted Orb;Chaos Orb;3.2248060174188438;Medium
Allflame;2026-09-21;Eldritch Exalted Orb;Chaos Orb;3.651314330958036;Medium
Allflame;2026-09-16;Eldritch Orb of Annulment;Chaos Orb;52.84088676000982;Medium
Allflame;2026-09-17;Eldritch Orb of Annulment;Chaos Orb;39.30827806435765;Medium
Allflame;2026-09-18;Eldritch Orb of Annulment;Chaos Orb;41.759948415622695;Medium
Allflame;2026-09-19;Eldritch Orb of Annulment;Chaos Orb;43.38590027020388;Medium
Allflame;2026-09-20;Eldritch Orb of Annulment;Chaos Orb;42.71309260623925;Medium
Allflame;2026-09-21;Eldritch Orb of Annulment;Chaos Orb;45.22592729059199;Medium
Allflame;2026-09-16;Exceptional Eldritch Ichor;Chaos Orb;180.51882519462137;Medium
Allflame;2026-09-17;Exceptional Eldritch Ichor;Chaos Orb;180.839525831564;Medium
Allflame;2026-09-18;Exceptional Eldritch Ichor;Chaos Orb;191.68989738145788;Medium
Allflame;2026-09-19;Exceptional Eldritch Ichor;Chaos Orb;196.03717268223636;Medium
Allflame;2026-09-20;Exceptional Eldritch Ichor;Chaos Orb;197.37342533616416;Medium
Allflame;2026-09-21;Exceptional Eldritch Ichor;Chaos Orb;191.65426397735314;Medium
Allflame;2026-09-16;Fracturing Shard;Chaos Orb;24.00834702636419;Medium
Allflame;2026-09-17;Fracturing Shard;Chaos Orb;25.402447578172897;Medium
Allflame;2026-09-18;Fracturing Shard;Chaos Orb;21.842652360515018;Medium
Allflame;2026-09-19;Fracturing Shard;Chaos Orb;24.557617412630286;Medium
Allflame;2026-09-20;Fracturing Shard;Chaos Orb;26.602995708154502;Medium
Allflame;2026-09-21;Fracturing Shard;Chaos Orb;23.312604537093804;Medium
Allflame;2026-09-16;Grand Eldritch Ember;Chaos Orb;14.00790761982794;Medium
Allflame;2026-09-17;Grand Eldritch Ember;Chaos Orb;16.195572511265873;Medium
Allflame;2026-09-18;Grand Eldritch Ember;Chaos Orb;12.935647275706678;Medium
Allflame;2026-09-19;Grand Eldritch Ember;Chaos Orb;13.648795575583778;Medium
Allflame;2026-09-20;Grand Eldritch Ember;Chaos Orb;12.68185784514543;Medium
Allflame;2026-09-21;Grand Eldritch Ember;Chaos Orb;11.506812781646866;Medium
Allflame;2026-09-16;Grand Eldritch Ichor;Chaos Orb;8.883385049365303;Medium
Allflame;2026-09-17;Grand Eldritch Ichor;Chaos Orb;7.082538787023978;Medium
Allflame;2026-09-18;Grand Eldritch Ichor;Chaos Orb;7.246036671368124;Medium
Allflame;2026-09-19;Grand Eldritch Ichor;Chaos Orb;6.891396332863188;Medium
Allflame;2026-09-20;Grand Eldritch Ichor;Chaos Orb;7.385839210155148;Medium
Allflame;2026-09-21;Grand Eldritch Ichor;Chaos Orb;6.002031029619182;Medium
Allflame;2026-09-16;Greater Eldritch Ember;Chaos Orb;0.6651876191412007;Medium
Allflame;2026-09-17;Greater Eldritch Ember;Chaos Orb;0.6989387835314925;Medium
Allflame;2026-09-18;Greater Eldritch Ember;Chaos Orb;0.8357623661196815;Medium
Allflame;2026-09-19;Greater Eldritch Ember;Chaos Orb;0.9415294880613146;Medium
Allflame;2026-09-20;Greater Eldritch Ember;Chaos Orb;0.9069025449543087;Medium
Allflame;2026-09-21;Greater Eldritch Ember;Chaos Orb;0.7339025646064654;Medium
Allflame;2026-09-16;Greater Eldritch Ichor;Chaos Orb;0.6997912363345481;Medium
Allflame;2026-09-17;Greater Eldritch Ichor;Chaos Orb;0.8228120344858235;Medium
Allflame;2026-09-18;Greater Eldritch Ichor;Chaos Orb;0.8190058661452316;Medium
Allflame;2026-09-19;Greater Eldritch Ichor;Chaos Orb;0.6005589903119722;Medium
Allflame;2026-09-20;Greater Eldritch Ichor;Chaos Orb;0.7333670784819127;Medium
Allflame;2026-09-21;Greater Eldritch Ichor;Chaos Orb;0.43329148520131544;Medium
Allflame;2026-09-16;Instilling Orb;Chaos Orb;0.25327829189074064;Medium
Allflame;2026-09-17;Instilling Orb;Chaos Orb;0.18367482029710877;Medium
Allflame;2026-09-18;Instilling Orb;Chaos Orb;0.23198739151269898;Medium
Allflame;2026-09-19;Instilling Orb;Chaos Orb;0.3394574729780097;Medium
Allflame;2026-09-20;Instilling Orb;Chaos Orb;0.14720463234119588;Medium
Allflame;2026-09-21;Instilling Orb;Chaos Orb;0.2889142537671051;Medium
Allflame;2026-09-16;Lesser Eldritch Ember;Chaos Orb;0.26565297691373024;Medium
Allflame;2026-09-17;Lesser Eldritch Ember;Chaos Orb;0.21572976913730257;Medium
Allflame;2026-09-18;Lesser Eldritch Ember;Chaos Orb;0.15542648845686508;Medium
Allflame;2026-09-19;Lesser Eldritch Ember;Chaos Orb;0.09940704738760629;Medium
Allflame;2026-09-20;Lesser Eldritch Ember;Chaos Orb;0.15449283110571083;Medium
Allflame;2026-09-21;Lesser Eldritch Ember;Chaos Orb;0.08704981773997568;Medium
Allflame;2026-09-16;Lesser Eldritch Ichor;Chaos Orb;0.3081724597571308;Medium
Allflame;2026-09-17;Lesser Eldritch Ichor;Chaos Orb;0.1740491386613951;Medium
Allflame;2026-09-18;Lesser Eldritch Ichor;Chaos Orb;0.1847821688788478;Medium
Allflame;2026-09-19;Lesser Eldritch Ichor;Chaos Orb;0.17362720135554932;Medium
Allflame;2026-09-20;Lesser Eldritch Ichor;Chaos Orb;0.1887114600395369;Medium
Allflame;2026-09-21;Lesser Eldritch Ichor;Chaos Orb;0.15793640779440837;Medium
Allflame;2026-09-16;Maven's Chisel of Avarice;Chaos Orb;180.81968680089489;Medium
Allflame;2026-09-17;Maven's Chisel of Avarice;Chaos Orb;178.35771812080537;Medium
Allflame;2026-09-18;Maven's Chisel of Avarice;Chaos Orb;176.68993288590605;Medium
Allflame;2026-09-19;Maven's Chisel of Avarice;Chaos Orb;211.45928411633113;Medium
Allflame;2026-09-20;Maven's Chisel of Avarice;Chaos Orb;166.06375838926175;Medium
Allflame;2026-09-21;Maven's Chisel of Avarice;Chaos Orb;147.86107382550338;Medium
Allflame;2026-09-16;Maven's Chisel of Scarabs;Chaos Orb;63.57143217931179;Medium
Allflame;2026-09-17;Maven's Chisel of Scarabs;Chaos Orb;52.61883826160159;Medium
Allflame;2026-09-18;Maven's Chisel of Scarabs;Chaos Orb;54.61865305692939;Medium
Allflame;2026-09-19;Maven's Chisel of Scarabs;Chaos Orb;55.644331263811424;Medium
Allflame;2026-09-20;Maven's Chisel of Scarabs;Chaos Orb;50.52109439124486;Medium
Allflame;2026-09-21;Maven's Chisel of Scarabs;Chaos Orb;40.94466168578343;Medium
Allflame;2026-09-16;Orb of Binding;Chaos Orb;0.02223115245478036;Medium
Allflame;2026-09-17;Orb of Binding;Chaos Orb;0.010225243410852713;Medium
Allflame;2026-09-18;Orb of Binding;Chaos Orb;0.021648981912144705;Medium
Allflame;2026-09-19;Orb of Binding;Chaos Orb;0.018629457364341084;Medium
Allflame;2026-09-20;Orb of Binding;Chaos Orb;0.019917994832041343;Medium
Allflame;2026-09-21;Orb of Binding;Chaos Orb;0.015415099741602068;Medium
Allflame;2026-09-16;Orb of Intention;Chaos Orb;3.828703125;Medium
Allflame;2026-09-17;Orb of Intention;Chaos Orb;4.8221875;Medium
Allflame;2026-09-18;Orb of Intention;Chaos Orb;3.6716875;Medium
Allflame;2026-09-19;Orb of Intention;Chaos Orb;3.734859375;Medium
Allflame;2026-09-20;Orb of Intention;Chaos Orb;2.16084375;Medium
Allflame;2026-09-21;Orb of Intention;Chaos Orb;3.093796875;Medium
Allflame;2026-09-16;Orb of Remembrance;Chaos Orb;147.4171224018476;Medium
Allflame;2026-09-17;Orb of Remembrance;Chaos Orb;136.43800461893767;Medium
Allflame;2026-09-18;Orb of Remembrance;Chaos Orb;126.0579846035412;Medium
Allflame;2026-09-19;Orb of Remembrance;Chaos Orb;115.43051116243267;Medium
Allflame;2026-09-20;Orb of Remembrance;Chaos Orb;114.5839599692071;Medium
Allflame;2026-09-21;Orb of Remembrance;Chaos Orb;109.94746420323328;Medium
Allflame;2026-09-16;Orb of Unmaking;Chaos Orb;0.34347496168315456;Medium
Allflame;2026-09-17;Orb of Unmaking;Chaos Orb;0.22799105475825554;Medium
Allflame;2026-09-18;Orb of Unmaking;Chaos Orb;0.30007883516789746;Medium
Allflame;2026-09-19;Orb of Unmaking;Chaos Orb;0.24445289118015887;Medium
Allflame;2026-09-20;Orb of Unmaking;Chaos Orb;0.22458392085829734;Medium
Allflame;2026-09-21;Orb of Unmaking;Chaos Orb;0.240436059634945;Medium
Allflame;2026-09-16;Orb of Unravelling;Chaos Orb;69.59896453225423;Medium
Allflame;2026-09-17;Orb of Unravelling;Chaos Orb;20.91968876457986;Medium
Allflame;2026-09-18;Orb of Unravelling;Chaos Orb;42.37536955486789;Medium
Allflame;2026-09-19;Orb of Unravelling;Chaos Orb;30.524879195429662;Medium
Allflame;2026-09-20;Orb of Unravelling;Chaos Orb;40.48206438943109;Medium
Allflame;2026-09-21;Orb of Unravelling;Chaos Orb;59.30578433706261;Medium
Allflame;2026-09-16;Redeemer's Exalted Orb;Chaos Orb;146.02759924385634;Medium
Allflame;2026-09-17;Redeemer's Exalted Orb;Chaos Orb;125.2308758664146;Medium
Allflame;2026-09-18;Redeemer's Exalted Orb;Chaos Orb;130.4030245746692;Medium
Allflame;2026-09-19;Redeemer's Exalted Orb;Chaos Orb;146.91064902331442;Medium
Allflame;2026-09-20;Redeemer's Exalted Orb;Chaos Orb;116.41839949590423;Medium
Allflame;2026-09-21;Redeemer's Exalted Orb;Chaos Orb;153.79483301827347;Medium
Allflame;2026-09-16;Regal Orb;Chaos Orb;0.09641769858116411;Medium
Allflame;2026-09-17;Regal Orb;Chaos Orb;0.07837184895542397;Medium
Allflame;2026-09-18;Regal Orb;Chaos Orb;0.07646700927270696;Medium
Allflame;2026-09-19;Regal Orb;Chaos Orb;0.08207215953524745;Medium
Allflame;2026-09-20;Regal Orb;Chaos Orb;0.07213782817562282;Medium
Allflame;2026-09-21;Regal Orb;Chaos Orb;0.07534597922019885;Medium
Allflame;2026-09-16;Orb of Regret;Chaos Orb;1.5406123188405796;Medium
Allflame;2026-09-17;Orb of Regret;Chaos Orb;1.4994021739130434;Medium
Allflame;2026-09-18;Orb of Regret;Chaos Orb;1.4362246376811594;Medium
Allflame;2026-09-19;Orb of Regret;Chaos Orb;1.5518514492753621;Medium
Allflame;2026-09-20;Orb of Regret;Chaos Orb;1.4847572463768115;Medium
Allflame;2026-09-21;Orb of Regret;Chaos Orb;1.2640615942028983;Medium
Allflame;2026-09-16;Sacred Crystallised Lifeforce;Chaos Orb;54.366551794040134;Medium
Allflame;2026-09-17;Sacred Crystallised Lifeforce;Chaos Orb;56.256192986012564;Medium
Allflame;2026-09-18;Sacred Crystallised Lifeforce;Chaos Orb;54.4944962497466;Medium
Allflame;2026-09-19;Sacred Crystallised Lifeforce;Chaos Orb;46.47828400567605;Medium
Allflame;2026-09-20;Sacred Crystallised Lifeforce;Chaos Orb;52.5753294141496;Medium
Allflame;2026-09-21;Sacred Crystallised Lifeforce;Chaos Orb;49.170038516115945;Medium
Allflame;2026-09-16;Crystallised Rancour;Chaos Orb;568.0783902012249;Medium
Allflame;2026-09-17;Crystallised Rancour;Chaos Orb;493.5120734908137;Medium
Allflame;2026-09-18;Crystallised Rancour;Chaos Orb;459.87585301837277;Medium
Allflame;2026-09-19;Crystallised Rancour;Chaos Orb;488.3882764654419;Medium
Allflame;2026-09-20;Crystallised Rancour;Chaos Orb;546.4981627296588;Medium
Allflame;2026-09-21;Crystallised Rancour;Chaos Orb;412.01356080489944;Medium
Allflame;2026-09-16;Shaper's Exalted Orb;Chaos Orb;158.031032937486;Medium
Allflame;2026-09-17;Shaper's Exalted Orb;Chaos Orb;154.69039883486442;Medium
Allflame;2026-09-18;Shaper's Exalted Orb;Chaos Orb;155.15774142953168;Medium
Allflame;2026-09-19;Shaper's Exalted Orb;Chaos Orb;156.14435357382925;Medium
Allflame;2026-09-20;Shaper's Exalted Orb;Chaos Orb;136.1178579430876;Medium
Allflame;2026-09-21;Shaper's Exalted Orb;Chaos Orb;133.57343714989918;Medium
Allflame;2026-09-16;Tainted Blacksmith's Whetstone;Chaos Orb;4.7991666666666655;Medium
Allflame;2026-09-17;Tainted Blacksmith's Whetstone;Chaos Orb;2.7068080929487177;Medium
Allflame;2026-09-18;Tainted Blacksmith's Whetstone;Chaos Orb;1.7649006410256407;Medium
Allflame;2026-09-19;Tainted Blacksmith's Whetstone;Chaos Orb;3.37432532051282;Medium
Allflame;2026-09-20;Tainted Blacksmith's Whetstone;Chaos Orb;3.458807692307692;Medium
Allflame;2026-09-21;Tainted Blacksmith's Whetstone;Chaos Orb;2.2313285256410254;Medium
Allflame;2026-09-16;Tainted Exalted Orb;Chaos Orb;359.2602856882904;Medium
Allflame;2026-09-17;Tainted Exalted Orb;Chaos Orb;424.97818214903106;Medium
Allflame;2026-09-18;Tainted Exalted Orb;Chaos Orb;419.42507506141396;Medium
Allflame;2026-09-19;Tainted Exalted Orb;Chaos Orb;370.88135747429715;Medium
Allflame;2026-09-20;Tainted Exalted Orb;Chaos Orb;323.1834773905923;Medium
Allflame;2026-09-21;Tainted Exalted Orb;Chaos Orb;364.66629060140116;Medium
Allflame;2026-09-16;Tainted Orb of Fusing;Chaos Orb;25.476388072238553;Medium
Allflame;2026-09-17;Tainted Orb of Fusing;Chaos Orb;25.03648047039059;Medium
Allflame;2026-09-18;Tainted Orb of Fusing;Chaos Orb;26.372938891222173;Medium
Allflame;2026-09-19;Tainted Orb of Fusing;Chaos Orb;23.327056908861824;Medium
Allflame;2026-09-20;Tainted Orb of Fusing;Chaos Orb;22.820206845863083;Medium
Allflame;2026-09-21;Tainted Orb of Fusing;Chaos Orb;23.350964930701387;Medium
Allflame;2026-09-16;Tempering Catalyst;Chaos Orb;4.850249271608934;Medium
Allflame;2026-09-17;Tempering Catalyst;Chaos Orb;4.673726124959533;Medium
Allflame;2026-09-18;Tempering Catalyst;Chaos Orb;5.970987374554871;Medium
Allflame;2026-09-19;Tempering Catalyst;Chaos Orb;6.597552606021365;Medium
Allflame;2026-09-20;Tempering Catalyst;Chaos Orb;7.233311751375849;Medium
Allflame;2026-09-21;Tempering Catalyst;Chaos Orb;5.854684363871803;Medium
Allflame;2026-09-16;Crusader's Exalted Orb;Chaos Orb;235.25799940280683;Medium
Allflame;2026-09-17;Crusader's Exalted Orb;Chaos Orb;214.53687667960585;Medium
Allflame;2026-09-18;Crusader's Exalted Orb;Chaos Orb;213.32935204538668;Medium
Allflame;2026-09-19;Crusader's Exalted Orb;Chaos Orb;251.97014034040012;Medium
Allflame;2026-09-20;Crusader's Exalted Orb;Chaos Orb;165.07666766198867;Medium
Allflame;2026-09-21;Crusader's Exalted Orb;Chaos Orb;161.95320394147507;Medium
Allflame;2026-09-16;Hinekora's Lock;Chaos Orb;91217.25943994537;Medium
Allflame;2026-09-17;Hinekora's Lock;Chaos Orb;90669.91999219437;Medium
Allflame;2026-09-18;Hinekora's Lock;Chaos Orb;90705.8111035223;Medium
Allflame;2026-09-19;Hinekora's Lock;Chaos Orb;90050.7983217875;Medium
Allflame;2026-09-20;Hinekora's Lock;Chaos Orb;93110.5155624939;Medium
Allflame;2026-09-21;Hinekora's Lock;Chaos Orb;91567.19777539272;Medium
Allflame;2026-09-16;Veiled Exalted Orb;Chaos Orb;4905.344011282361;Medium
Allflame;2026-09-17;Veiled Exalted Orb;Chaos Orb;4921.0677949027895;Medium
Allflame;2026-09-18;Veiled Exalted Orb;Chaos Orb;4963.950841140324;Medium
Allflame;2026-09-19;Veiled Exalted Orb;Chaos Orb;4874.37292233303;Medium
Allflame;2026-09-20;Veiled Exalted Orb;Chaos Orb;4841.495920217588;Medium
Allflame;2026-09-21;Veiled Exalted Orb;Chaos Orb;4912.967663946811;Medium
Allflame;2026-09-16;Exceptional Eldritch Ember;Chaos Orb;244.58666100254882;Medium
Allflame;2026-09-17;Exceptional Eldritch Ember;Chaos Orb;230.9985131690739;Medium
Allflame;2026-09-18;Exceptional Eldritch Ember;Chaos Orb;222.99415887850466;Medium
Allflame;2026-09-19;Exceptional Eldritch Ember;Chaos Orb;253.88381478334747;Medium
Allflame;2026-09-20;Exceptional Eldritch Ember;Chaos Orb;284.36087510620223;Medium
Allflame;2026-09-21;Exceptional Eldritch Ember;Chaos Orb;290.98991079014445;Medium
Allflame;2026-09-16;Flesh of Xesht;Chaos Orb;61.835761070612556;Medium
Allflame;2026-09-17;Flesh of Xesht;Chaos Orb;74.33614623000761;Medium
Allflame;2026-09-18;Flesh of Xesht;Chaos Orb;86.35160265477099;Medium
Allflame;2026-09-19;Flesh of Xesht;Chaos Orb;90.22613426177783;Medium
Allflame;2026-09-20;Flesh of Xesht;Chaos Orb;94.1349537591122;Medium
Allflame;2026-09-21;Flesh of Xesht;Chaos Orb;96.09916004787293;Medium
Allflame;2026-09-16;Foulborn Exalted Orb;Chaos Orb;2103.0759567290916;Medium
Allflame;2026-09-17;Foulborn Exalted Orb;Chaos Orb;2063.251948354077;Medium
Allflame;2026-09-18;Foulborn Exalted Orb;Chaos Orb;2043.4550424566708;Medium
Allflame;2026-09-19;Foulborn Exalted Orb;Chaos Orb;1988.898452948703;Medium
Allflame;2026-09-20;Foulborn Exalted Orb;Chaos Orb;2010.9973246481327;Medium
Allflame;2026-09-21;Foulborn Exalted Orb;Chaos Orb;1953.9085727579386;Medium
Allflame;2026-09-16;Foulborn Orb of Augmentation;Chaos Orb;2.4218368773085754;Medium
Allflame;2026-09-17;Foulborn Orb of Augmentation;Chaos Orb;2.1200898472596585;Medium
Allflame;2026-09-18;Foulborn Orb of Augmentation;Chaos Orb;2.3751801936707597;Medium
Allflame;2026-09-19;Foulborn Orb of Augmentation;Chaos Orb;3.5235938903863433;Medium
Allflame;2026-09-20;Foulborn Orb of Augmentation;Chaos Orb;2.553692722371968;Medium
Allflame;2026-09-21;Foulborn Orb of Augmentation;Chaos Orb;2.6145492662473795;Medium
Allflame;2026-09-16;Foulborn Regal Orb;Chaos Orb;15.846813020439061;Medium
Allflame;2026-09-17;Foulborn Regal Orb;Chaos Orb;19.64875094625284;Medium
Allflame;2026-09-18;Foulborn Regal Orb;Chaos Orb;20.919242997728993;Medium
Allflame;2026-09-19;Foulborn Regal Orb;Chaos Orb;18.532778198334594;Medium
Allflame;2026-09-20;Foulborn Regal Orb;Chaos Orb;15.06467827403482;Medium
Allflame;2026-09-21;Foulborn Regal Orb;Chaos Orb;16.12151400454201;Medium
Allflame;2026-09-16;Hunter's Exalted Orb;Chaos Orb;683.9146183699871;Medium
Allflame;2026-09-17;Hunter's Exalted Orb;Chaos Orb;631.1542396801129;Medium
Allflame;2026-09-18;Hunter's Exalted Orb;Chaos Orb;729.012701399506;Medium
Allflame;2026-09-19;Hunter's Exalted Orb;Chaos Orb;638.8895095848524;Medium
Allflame;2026-09-20;Hunter's Exalted Orb;Chaos Orb;591.310302246266;Medium
Allflame;2026-09-21;Hunter's Exalted Orb;Chaos Orb;547.8176525932024;Medium
Allflame;2026-09-16;Maven's Chisel of Divination;Chaos Orb;24.125493577652023;Medium
Allflame;2026-09-17;Maven's Chisel of Divination;Chaos Orb;26.433175244767803;Medium
Allflame;2026-09-18;Maven's Chisel of Divination;Chaos Orb;25.354874696847208;Medium
Allflame;2026-09-19;Maven's Chisel of Divination;Chaos Orb;25.206756489715257;Medium
Allflame;2026-09-20;Maven's Chisel of Divination;Chaos Orb;31.081124584568393;Medium
Allflame;2026-09-21;Maven's Chisel of Divination;Chaos Orb;29.487372675828613;Medium
Allflame;2026-09-16;Maven's Chisel of Procurement;Chaos Orb;3.5638080555020233;Medium
Allflame;2026-09-17;Maven's Chisel of Procurement;Chaos Orb;3.0935642705723643;Medium
Allflame;2026-09-18;Maven's Chisel of Procurement;Chaos Orb;3.579975910580073;Medium
Allflame;2026-09-19;Maven's Chisel of Procurement;Chaos Orb;6.281727693197147;Medium
Allflame;2026-09-20;Maven's Chisel of Procurement;Chaos Orb;4.609214684910388;Medium
Allflame;2026-09-21;Maven's Chisel of Procurement;Chaos Orb;3.6587512044709967;Medium
Allflame;2026-09-16;Maven's Chisel of Proliferation;Chaos Orb;30.37744801910649;Medium
Allflame;2026-09-17;Maven's Chisel of Proliferation;Chaos Orb;39.65508499578533;Medium
Allflame;2026-09-18;Maven's Chisel of Proliferation;Chaos Orb;50.36939308794606;Medium
Allflame;2026-09-19;Maven's Chisel of Proliferation;Chaos Orb;50.289413458836755;Medium
Allflame;2026-09-20;Maven's Chisel of Proliferation;Chaos Orb;35.75385642034279;Medium
Allflame;2026-09-21;Maven's Chisel of Proliferation;Chaos Orb;35.638330289407136;Medium
Allflame;2026-09-16;Orb of Dominance;Chaos Orb;1763.9528898582332;Medium
Allflame;2026-09-17;Orb of Dominance;Chaos Orb;1780.6207197382769;Medium
Allflame;2026-09-18;Orb of Dominance;Chaos Orb;1676.3581243184296;Medium
Allflame;2026-09-19;Orb of Dominance;Chaos Orb;1627.5958560523445;Medium
Allflame;2026-09-20;Orb of Dominance;Chaos Orb;1595.3241003271535;Medium
Allflame;2026-09-21;Orb of Dominance;Chaos Orb;1585.3943293347872;Medium
Allflame;2026-09-16;Mirror of Kalandra;Chaos Orb;401238.2470751537;Medium
Allflame;2026-09-17;Mirror of Kalandra;Chaos Orb;403785.16954193934;Medium
Allflame;2026-09-18;Mirror of Kalandra;Chaos Orb;402648.8502875273;Medium
Allflame;2026-09-19;Mirror of Kalandra;Chaos Orb;404764.75510608766;Medium
Allflame;2026-09-20;Mirror of Kalandra;Chaos Orb;406292.90858615906;Medium
Allflame;2026-09-21;Mirror of Kalandra;Chaos Orb;407899.4289113623;Medium
Allflame;2026-09-16;Mirror Shard;Chaos Orb;20269.60660904931;Medium
Allflame;2026-09-17;Mirror Shard;Chaos Orb;20386.463853584137;Medium
Allflame;2026-09-18;Mirror Shard;Chaos Orb;20675.531774275543;Medium
Allflame;2026-09-19;Mirror Shard;Chaos Orb;21052.755160142344;Medium
Allflame;2026-09-20;Mirror Shard;Chaos Orb;20655.030503304522;Medium
Allflame;2026-09-21;Mirror Shard;Chaos Orb;20283.957498729025;Medium
Allflame;2026-09-16;Noxious Catalyst;Chaos Orb;2.4080884120171673;Medium
Allflame;2026-09-17;Noxious Catalyst;Chaos Orb;2.4784789699570813;Medium
Allflame;2026-09-18;Noxious Catalyst;Chaos Orb;2.034378540772532;Medium
Allflame;2026-09-19;Noxious Catalyst;Chaos Orb;2.0352927038626607;Medium
Allflame;2026-09-20;Noxious Catalyst;Chaos Orb;2.2588969957081546;Medium
Allflame;2026-09-21;Noxious Catalyst;Chaos Orb;2.1941742489270384;Medium
Allflame;2026-09-16;Portal Scroll;Chaos Orb;0.031227534774234966;Medium
Allflame;2026-09-17;Portal Scroll;Chaos Orb;0.03351079606248662;Medium
Allflame;2026-09-18;Portal Scroll;Chaos Orb;0.03274642841857479;Medium
Allflame;2026-09-19;Portal Scroll;Chaos Orb;0.03157527284399743;Medium
Allflame;2026-09-20;Portal Scroll;Chaos Orb;0.030102306869248873;Medium
Allflame;2026-09-21;Portal Scroll;Chaos Orb;0.02950196661673443;Medium
Allflame;2026-09-16;Rogue's Marker;Chaos Orb;0.0004278677946659019;Medium
Allflame;2026-09-17;Rogue's Marker;Chaos Orb;0.0004529595640952108;Medium
Allflame;2026-09-18;Rogue's Marker;Chaos Orb;0.0006682829079437912;Medium
Allflame;2026-09-19;Rogue's Marker;Chaos Orb;0.0006226355032979639;Medium
Allflame;2026-09-20;Rogue's Marker;Chaos Orb;0.0005973802695726986;Medium
Allflame;2026-09-21;Rogue's Marker;Chaos Orb;0.0008639088041296243;Medium
Allflame;2026-09-16;Sacred Orb;Chaos Orb;88.40546207232437;Medium
Allflame;2026-09-17;Sacred Orb;Chaos Orb;90.09885669061245;Medium
Allflame;2026-09-18;Sacred Orb;Chaos Orb;83.55106416656521;Medium
Allflame;2026-09-19;Sacred Orb;Chaos Orb;81.85766954827713;Medium
Allflame;2026-09-20;Sacred Orb;Chaos Orb;86.66075246560332;Medium
Allflame;2026-09-21;Sacred Orb;Chaos Orb;79.48691708267381;Medium
Allflame;2026-09-16;Tailoring Orb;Chaos Orb;794.7874154475383;Medium
Allflame;2026-09-17;Tailoring Orb;Chaos Orb;706.1322321849931;Medium
Allflame;2026-09-18;Tailoring Orb;Chaos Orb;630.6702847254995;Medium
Allflame;2026-09-19;Tailoring Orb;Chaos Orb;592.8552776466888;Medium
Allflame;2026-09-20;Tailoring Orb;Chaos Orb;609.7459808085576;Medium
Allflame;2026-09-21;Tailoring Orb;Chaos Orb;588.9897435897437;Medium
Allflame;2026-09-16;Tainted Armourer's Scrap;Chaos Orb;5.31884165308843;Medium
Allflame;2026-09-17;Tainted Armourer's Scrap;Chaos Orb;4.315916160568804;Medium
Allflame;2026-09-18;Tainted Armourer's Scrap;Chaos Orb;4.4073766849355644;Medium
Allflame;2026-09-19;Tainted Armourer's Scrap;Chaos Orb;5.272130054806695;Medium
Allflame;2026-09-20;Tainted Armourer's Scrap;Chaos Orb;3.9767664049770404;Medium
Allflame;2026-09-21;Tainted Armourer's Scrap;Chaos Orb;2.90553992001185;Medium
Allflame;2026-09-16;Tainted Chaos Orb;Chaos Orb;18.21988305548644;Medium
Allflame;2026-09-17;Tainted Chaos Orb;Chaos Orb;15.47831301318736;Medium
Allflame;2026-09-18;Tainted Chaos Orb;Chaos Orb;15.703010699178902;Medium
Allflame;2026-09-19;Tainted Chaos Orb;Chaos Orb;15.938039313262008;Medium
Allflame;2026-09-20;Tainted Chaos Orb;Chaos Orb;18.011973127643696;Medium
Allflame;2026-09-21;Tainted Chaos Orb;Chaos Orb;9.1235008708634;Medium
Allflame;2026-09-16;Tainted Chromatic Orb;Chaos Orb;7.630684078526334;Medium
Allflame;2026-09-17;Tainted Chromatic Orb;Chaos Orb;6.511085358470986;Medium
Allflame;2026-09-18;Tainted Chromatic Orb;Chaos Orb;7.987574158955289;Medium
Allflame;2026-09-19;Tainted Chromatic Orb;Chaos Orb;9.017950358903398;Medium
Allflame;2026-09-20;Tainted Chromatic Orb;Chaos Orb;7.931450315662026;Medium
Allflame;2026-09-21;Tainted Chromatic Orb;Chaos Orb;8.11061489232898;Medium
Allflame;2026-09-16;Volatile Vaal Orb;Chaos Orb;1936.3369835739172;Medium
Allflame;2026-09-17;Volatile Vaal Orb;Chaos Orb;1740.3280238924838;Medium
Allflame;2026-09-18;Volatile Vaal Orb;Chaos Orb;1682.4435042309606;Medium
Allflame;2026-09-19;Volatile Vaal Orb;Chaos Orb;1657.6928820308613;Medium
Allflame;2026-09-20;Volatile Vaal Orb;Chaos Orb;1700.008461921354;Medium
Allflame;2026-09-21;Volatile Vaal Orb;Chaos Orb;1716.9746142359381;Medium
Allflame;2026-09-16;Tainted Divine Teardrop;Chaos Orb;2698.5219652388123;Medium
Allflame;2026-09-17;Tainted Divine Teardrop;Chaos Orb;2907.719310250445;Medium
Allflame;2026-09-18;Tainted Divine Teardrop;Chaos Orb;2025.624469686602;Medium
Allflame;2026-09-19;Tainted Divine Teardrop;Chaos Orb;1901.591487614616;Medium
Allflame;2026-09-20;Tainted Divine Teardrop;Chaos Orb;2235.0693855207337;Medium
Allflame;2026-09-21;Tainted Divine Teardrop;Chaos Orb;1804.7912960175174;Medium
Allflame;2026-09-16;Tainted Jeweller's Orb;Chaos Orb;2.191919491525424;Medium
Allflame;2026-09-17;Tainted Jeweller's Orb;Chaos Orb;1.254470338983051;Medium
Allflame;2026-09-18;Tainted Jeweller's Orb;Chaos Orb;1.976491525423729;Medium
Allflame;2026-09-19;Tainted Jeweller's Orb;Chaos Orb;3.447076271186441;Medium
Allflame;2026-09-20;Tainted Jeweller's Orb;Chaos Orb;2.5764406779661018;Medium
Allflame;2026-09-21;Tainted Jeweller's Orb;Chaos Orb;1.9955974576271187;Medium
Allflame;2026-09-16;Tainted Mythic Orb;Chaos Orb;19.732437821387347;Medium
Allflame;2026-09-17;Tainted Mythic Orb;Chaos Orb;17.918850876272433;Medium
Allflame;2026-09-18;Tainted Mythic Orb;Chaos Orb;16.172185958652534;Medium
Allflame;2026-09-19;Tainted Mythic Orb;Chaos Orb;20.00968622100955;Medium
Allflame;2026-09-20;Tainted Mythic Orb;Chaos Orb;21.940864728722847;Medium
Allflame;2026-09-21;Tainted Mythic Orb;Chaos Orb;16.000100745093924;Medium
Allflame;2026-09-16;Tempering Orb;Chaos Orb;661.4185074626864;Medium
Allflame;2026-09-17;Tempering Orb;Chaos Orb;643.1976119402984;Medium
Allflame;2026-09-18;Tempering Orb;Chaos Orb;617.8835820895522;Medium
Allflame;2026-09-19;Tempering Orb;Chaos Orb;590.8776119402985;Medium
Allflame;2026-09-20;Tempering Orb;Chaos Orb;592.2441791044776;Medium
Allflame;2026-09-21;Tempering Orb;Chaos Orb;519.3605970149254;Medium
Allflame;2026-09-16;Orb of Transmutation;Chaos Orb;0.007328030353974036;Medium
Allflame;2026-09-17;Orb of Transmutation;Chaos Orb;0.007335693471560661;Medium
Allflame;2026-09-18;Orb of Transmutation;Chaos Orb;0.007798963762024843;Medium
Allflame;2026-09-19;Orb of Transmutation;Chaos Orb;0.008232278229195854;Medium
Allflame;2026-09-20;Orb of Transmutation;Chaos Orb;0.007279961707294293;Medium
Allflame;2026-09-21;Orb of Transmutation;Chaos Orb;0.006565201830578127;Medium
Allflame;2026-09-16;Vaal Orb;Chaos Orb;0.810563564293642;Medium
Allflame;2026-09-17;Vaal Orb;Chaos Orb;0.7892230220390042;Medium
Allflame;2026-09-18;Vaal Orb;Chaos Orb;1.1097081972411607;Medium
Allflame;2026-09-19;Vaal Orb;Chaos Orb;0.805209576660853;Medium
Allflame;2026-09-20;Vaal Orb;Chaos Orb;0.6976773743459648;Medium
Allflame;2026-09-21;Vaal Orb;Chaos Orb;0.7843214840653242;Medium
Allflame;2026-09-16;Veiled Chaos Orb;Chaos Orb;98.61324421868734;Medium
Allflame;2026-09-17;Veiled Chaos Orb;Chaos Orb;99.33207726239807;Medium
Allflame;2026-09-18;Veiled Chaos Orb;Chaos Orb;99.26108140622912;Medium
Allflame;2026-09-19;Veiled Chaos Orb;Chaos Orb;98.09852426146237;Medium
Allflame;2026-09-20;Veiled Chaos Orb;Chaos Orb;87.94611682930089;Medium
Allflame;2026-09-21;Veiled Chaos Orb;Chaos Orb;78.23743349819543;Medium
Allflame;2026-09-16;Warlord's Exalted Orb;Chaos Orb;471.27962400303846;Medium
Allflame;2026-09-17;Warlord's Exalted Orb;Chaos Orb;438.8865172806685;Medium
Allflame;2026-09-18;Warlord's Exalted Orb;Chaos Orb;470.3365932396507;Medium
Allflame;2026-09-19;Warlord's Exalted Orb;Chaos Orb;520.7415875427271;Medium
Allflame;2026-09-20;Warlord's Exalted Orb;Chaos Orb;482.6902962400305;Medium
Allflame;2026-09-21;Warlord's Exalted Orb;Chaos Orb;463.21671097607305;Medium
Allflame;2026-09-16;Blacksmith's Whetstone;Chaos Orb;0.07346445141921397;Medium
Allflame;2026-09-17;Blacksmith's Whetstone;Chaos Orb;0.09548715338427946;Medium
Allflame;2026-09-18;Blacksmith's Whetstone;Chaos Orb;0.040097729257641906;Medium
Allflame;2026-09-19;Blacksmith's Whetstone;Chaos Orb;0.03761379912663756;Medium
Allflame;2026-09-20;Blacksmith's Whetstone;Chaos Orb;0.03210257914847161;Medium
Allflame;2026-09-21;Blacksmith's Whetstone;Chaos Orb;0.06604592794759825;Medium
Allflame;2026-09-16;Scroll of Wisdom;Chaos Orb;0.011280582616246941;Medium
Allflame;2026-09-17;Scroll of Wisdom;Chaos Orb;0.00756442093629115;Medium
Allflame;2026-09-18;Scroll of Wisdom;Chaos Orb;0.009084460408936606;Medium
Allflame;2026-09-19;Scroll of Wisdom;Chaos Orb;0.01663970790242362;Medium
Allflame;2026-09-20;Scroll of Wisdom;Chaos Orb;0.012112613878582142;Medium
Allflame;2026-09-21;Scroll of Wisdom;Chaos Orb;0.014997661640483145;Medium
Allflame;2026-09-16;Awakening Fragment;Chaos Orb;8.779758633050543;Medium
Allflame;2026-09-17;Awakening Fragment;Chaos Orb;8.713514159397777;Medium
Allflame;2026-09-18;Awakening Fragment;Chaos Orb;8.084191659696497;Medium
Allflame;2026-09-19;Awakening Fragment;Chaos Orb;9.696929143266818;Medium
Allflame;2026-09-20;Awakening Fragment;Chaos Orb;8.276616083164058;Medium
Allflame;2026-09-21;Awakening Fragment;Chaos Orb;7.897287609033337;Medium
Allflame;2026-09-16;Baran's Crest;Chaos Orb;15.080686818100517;Medium
Allflame;2026-09-17;Baran's Crest;Chaos Orb;14.067721337864423;Medium
Allflame;2026-09-18;Baran's Crest;Chaos Orb;12.794518869611876;Medium
Allflame;2026-09-19;Baran's Crest;Chaos Orb;13.25622965480236;Medium
Allflame;2026-09-20;Baran's Crest;Chaos Orb;11.458822214272937;Medium
Allflame;2026-09-21;Baran's Crest;Chaos Orb;11.470947952065819;Medium
Allflame;2026-09-16;Al-Hezmin's Crest;Chaos Orb;8.772284410504747;Medium
Allflame;2026-09-17;Al-Hezmin's Crest;Chaos Orb;7.865108027565653;Medium
Allflame;2026-09-18;Al-Hezmin's Crest;Chaos Orb;8.50537437139132;Medium
Allflame;2026-09-19;Al-Hezmin's Crest;Chaos Orb;9.092417582417582;Medium
Allflame;2026-09-20;Al-Hezmin's Crest;Chaos Orb;8.893029428198918;Medium
Allflame;2026-09-21;Al-Hezmin's Crest;Chaos Orb;5.427170795306388;Medium
Allflame;2026-09-16;Blazing Fragment;Chaos Orb;49.90357818707115;Medium
Allflame;2026-09-17;Blazing Fragment;Chaos Orb;47.22710725893825;Medium
Allflame;2026-09-18;Blazing Fragment;Chaos Orb;54.88106319971109;Medium
Allflame;2026-09-19;Blazing Fragment;Chaos Orb;58.93599711087035;Medium
Allflame;2026-09-20;Blazing Fragment;Chaos Orb;66.25204189237992;Medium
Allflame;2026-09-21;Blazing Fragment;Chaos Orb;75.34346117732034;Medium
Allflame;2026-09-16;Fragment of the Chimera;Chaos Orb;13.654082171127026;Medium
Allflame;2026-09-17;Fragment of the Chimera;Chaos Orb;8.143083301922353;Medium
Allflame;2026-09-18;Fragment of the Chimera;Chaos Orb;6.793592159819073;Medium
Allflame;2026-09-19;Fragment of the Chimera;Chaos Orb;9.622909913305692;Medium
Allflame;2026-09-20;Fragment of the Chimera;Chaos Orb;5.868556351300415;Medium
Allflame;2026-09-21;Fragment of the Chimera;Chaos Orb;5.071549189596683;Medium
Allflame;2026-09-16;Cosmic Fragment;Chaos Orb;208.63743641912515;Medium
Allflame;2026-09-17;Cosmic Fragment;Chaos Orb;202.76032553407936;Medium
Allflame;2026-09-18;Cosmic Fragment;Chaos Orb;205.6166836215666;Medium
Allflame;2026-09-19;Cosmic Fragment;Chaos Orb;229.22787385554423;Medium
Allflame;2026-09-20;Cosmic Fragment;Chaos Orb;219.56968463886062;Medium
Allflame;2026-09-21;Cosmic Fragment;Chaos Orb;182.27263479145472;Medium
Allflame;2026-09-16;Crescent Splinter;Chaos Orb;8.47374468085107;Medium
Allflame;2026-09-17;Crescent Splinter;Chaos Orb;6.793085106382983;Medium
Allflame;2026-09-18;Crescent Splinter;Chaos Orb;7.502127659574474;Medium
Allflame;2026-09-19;Crescent Splinter;Chaos Orb;7.188319148936176;Medium
Allflame;2026-09-20;Crescent Splinter;Chaos Orb;5.882765957446813;Medium
Allflame;2026-09-21;Crescent Splinter;Chaos Orb;5.614702127659577;Medium
Allflame;2026-09-16;Decaying Fragment;Chaos Orb;140.42353115727005;Medium
Allflame;2026-09-17;Decaying Fragment;Chaos Orb;148.81341246290802;Medium
Allflame;2026-09-18;Decaying Fragment;Chaos Orb;148.52813056379824;Medium
Allflame;2026-09-19;Decaying Fragment;Chaos Orb;155.99732937685462;Medium
Allflame;2026-09-20;Decaying Fragment;Chaos Orb;135.11988130563802;Medium
Allflame;2026-09-21;Decaying Fragment;Chaos Orb;128.97335311572704;Medium
Allflame;2026-09-16;Drox's Crest;Chaos Orb;13.490835940992401;Medium
Allflame;2026-09-17;Drox's Crest;Chaos Orb;12.662393831023692;Medium
Allflame;2026-09-18;Drox's Crest;Chaos Orb;10.876713604529877;Medium
Allflame;2026-09-19;Drox's Crest;Chaos Orb;12.227980181791091;Medium
Allflame;2026-09-20;Drox's Crest;Chaos Orb;11.991126508717032;Medium
Allflame;2026-09-21;Drox's Crest;Chaos Orb;9.757934734018775;Medium
Allflame;2026-09-16;Sacrifice at Dusk;Chaos Orb;0.31476155899626257;Medium
Allflame;2026-09-17;Sacrifice at Dusk;Chaos Orb;0.3772816871329417;Medium
Allflame;2026-09-18;Sacrifice at Dusk;Chaos Orb;0.3454539241857981;Medium
Allflame;2026-09-19;Sacrifice at Dusk;Chaos Orb;0.15968820074746393;Medium
Allflame;2026-09-20;Sacrifice at Dusk;Chaos Orb;0.12401473571809928;Medium
Allflame;2026-09-21;Sacrifice at Dusk;Chaos Orb;0.13119337960491187;Medium
Allflame;2026-09-16;Echo of Loneliness;Chaos Orb;148.37471317117942;Medium
Allflame;2026-09-17;Echo of Loneliness;Chaos Orb;158.0449747590638;Medium
Allflame;2026-09-18;Echo of Loneliness;Chaos Orb;146.09935750344195;Medium
Allflame;2026-09-19;Echo of Loneliness;Chaos Orb;141.0105553005966;Medium
Allflame;2026-09-20;Echo of Loneliness;Chaos Orb;134.9224414869206;Medium
Allflame;2026-09-21;Echo of Loneliness;Chaos Orb;166.28545204222118;Medium
Allflame;2026-09-16;Fragment of Constriction;Chaos Orb;15.02702384456874;Medium
Allflame;2026-09-17;Fragment of Constriction;Chaos Orb;12.163344127171033;Medium
Allflame;2026-09-18;Fragment of Constriction;Chaos Orb;11.114995584339123;Medium
Allflame;2026-09-19;Fragment of Constriction;Chaos Orb;16.075372387400648;Medium
Allflame;2026-09-20;Fragment of Constriction;Chaos Orb;18.01783926994407;Medium
Allflame;2026-09-21;Fragment of Constriction;Chaos Orb;18.818168972622903;Medium
Allflame;2026-09-16;Fragment of Emptiness;Chaos Orb;41.57695420326223;Medium
Allflame;2026-09-17;Fragment of Emptiness;Chaos Orb;42.00746549560853;Medium
Allflame;2026-09-18;Fragment of Emptiness;Chaos Orb;40.02885299038059;Medium
Allflame;2026-09-19;Fragment of Emptiness;Chaos Orb;38.567723755750734;Medium
Allflame;2026-09-20;Fragment of Emptiness;Chaos Orb;41.75089815976579;Medium
Allflame;2026-09-21;Fragment of Emptiness;Chaos Orb;37.91978251777499;Medium
Allflame;2026-09-16;Fragment of Enslavement;Chaos Orb;13.22579269085707;Medium
Allflame;2026-09-17;Fragment of Enslavement;Chaos Orb;12.877700611262842;Medium
Allflame;2026-09-18;Fragment of Enslavement;Chaos Orb;12.881113278709845;Medium
Allflame;2026-09-19;Fragment of Enslavement;Chaos Orb;11.920447392378723;Medium
Allflame;2026-09-20;Fragment of Enslavement;Chaos Orb;15.652199245675641;Medium
Allflame;2026-09-21;Fragment of Enslavement;Chaos Orb;13.59947977630381;Medium
Allflame;2026-09-16;Fragment of Eradication;Chaos Orb;19.835284237726103;Medium
Allflame;2026-09-17;Fragment of Eradication;Chaos Orb;13.881091731266153;Medium
Allflame;2026-09-18;Fragment of Eradication;Chaos Orb;13.666912144702843;Medium
Allflame;2026-09-19;Fragment of Eradication;Chaos Orb;14.45824935400517;Medium
Allflame;2026-09-20;Fragment of Eradication;Chaos Orb;15.281149870801036;Medium
Allflame;2026-09-21;Fragment of Eradication;Chaos Orb;14.341014211886307;Medium
Allflame;2026-09-16;Fragment of Knowledge;Chaos Orb;134.18610601317067;Medium
Allflame;2026-09-17;Fragment of Knowledge;Chaos Orb;134.89760336823923;Medium
Allflame;2026-09-18;Fragment of Knowledge;Chaos Orb;113.6903918816798;Medium
Allflame;2026-09-19;Fragment of Knowledge;Chaos Orb;84.96655511173485;Medium
Allflame;2026-09-20;Fragment of Knowledge;Chaos Orb;93.06844434848321;Medium
Allflame;2026-09-21;Fragment of Knowledge;Chaos Orb;90.78476735398898;Medium
Allflame;2026-09-16;Fragment of Purification;Chaos Orb;14.012265795206972;Medium
Allflame;2026-09-17;Fragment of Purification;Chaos Orb;12.646544662309369;Medium
Allflame;2026-09-18;Fragment of Purification;Chaos Orb;11.077699346405229;Medium
Allflame;2026-09-19;Fragment of Purification;Chaos Orb;11.997538126361654;Medium
Allflame;2026-09-20;Fragment of Purification;Chaos Orb;10.569063180827886;Medium
Allflame;2026-09-21;Fragment of Purification;Chaos Orb;11.964509803921567;Medium
Allflame;2026-09-16;Fragment of Shape;Chaos Orb;126.86577828182592;Medium
Allflame;2026-09-17;Fragment of Shape;Chaos Orb;115.81956336830167;Medium
Allflame;2026-09-18;Fragment of Shape;Chaos Orb;101.90133257726113;Medium
Allflame;2026-09-19;Fragment of Shape;Chaos Orb;84.32680464984405;Medium
Allflame;2026-09-20;Fragment of Shape;Chaos Orb;93.92596540969663;Medium
Allflame;2026-09-21;Fragment of Shape;Chaos Orb;86.3924468386731;Medium
Allflame;2026-09-16;Hivebrain Gland;Chaos Orb;7.726155778894474;Medium
Allflame;2026-09-17;Hivebrain Gland;Chaos Orb;9.97924623115578;Medium
Allflame;2026-09-18;Hivebrain Gland;Chaos Orb;8.148052763819097;Medium
Allflame;2026-09-19;Hivebrain Gland;Chaos Orb;8.165000000000001;Medium
Allflame;2026-09-20;Hivebrain Gland;Chaos Orb;9.63673366834171;Medium
Allflame;2026-09-21;Hivebrain Gland;Chaos Orb;10.541180904522614;Medium
Allflame;2026-09-16;Fragment of the Hydra;Chaos Orb;6.71960693729173;Medium
Allflame;2026-09-17;Fragment of the Hydra;Chaos Orb;7.646857770372614;Medium
Allflame;2026-09-18;Fragment of the Hydra;Chaos Orb;6.115978491366253;Medium
Allflame;2026-09-19;Fragment of the Hydra;Chaos Orb;7.8956323841260225;Medium
Allflame;2026-09-20;Fragment of the Hydra;Chaos Orb;5.5968903362617395;Medium
Allflame;2026-09-21;Fragment of the Hydra;Chaos Orb;5.7455089366858525;Medium
Allflame;2026-09-16;Mortal Ignorance;Chaos Orb;17.13437283018868;Medium
Allflame;2026-09-17;Mortal Ignorance;Chaos Orb;14.261497358490566;Medium
Allflame;2026-09-18;Mortal Ignorance;Chaos Orb;17.734182641509435;Medium
Allflame;2026-09-19;Mortal Ignorance;Chaos Orb;12.4348920754717;Medium
Allflame;2026-09-20;Mortal Ignorance;Chaos Orb;13.193874716981131;Medium
Allflame;2026-09-21;Mortal Ignorance;Chaos Orb;13.137581886792455;Medium
Allflame;2026-09-16;Memory of Loneliness;Chaos Orb;5.124335148427894;Medium
Allflame;2026-09-17;Memory of Loneliness;Chaos Orb;6.099385209906903;Medium
Allflame;2026-09-18;Memory of Loneliness;Chaos Orb;4.906119796240998;Medium
Allflame;2026-09-19;Memory of Loneliness;Chaos Orb;5.453254874407167;Medium
Allflame;2026-09-20;Memory of Loneliness;Chaos Orb;5.053548217108731;Medium
Allflame;2026-09-21;Memory of Loneliness;Chaos Orb;5.06525733356754;Medium
Allflame;2026-09-16;Sacrifice at Midnight;Chaos Orb;6.928152895399405;Medium
Allflame;2026-09-17;Sacrifice at Midnight;Chaos Orb;4.964243533989471;Medium
Allflame;2026-09-18;Sacrifice at Midnight;Chaos Orb;4.01810482948043;Medium
Allflame;2026-09-19;Sacrifice at Midnight;Chaos Orb;2.53099565117876;Medium
Allflame;2026-09-20;Sacrifice at Midnight;Chaos Orb;3.3898329137102317;Medium
Allflame;2026-09-21;Sacrifice at Midnight;Chaos Orb;2.8906477454795145;Medium
Allflame;2026-09-16;Sacrifice at Noon;Chaos Orb;3.799792274678112;Medium
Allflame;2026-09-17;Sacrifice at Noon;Chaos Orb;2.8409201716738197;Medium
Allflame;2026-09-18;Sacrifice at Noon;Chaos Orb;3.218396566523605;Medium
Allflame;2026-09-19;Sacrifice at Noon;Chaos Orb;2.292758798283262;Medium
Allflame;2026-09-20;Sacrifice at Noon;Chaos Orb;2.3469184549356226;Medium
Allflame;2026-09-21;Sacrifice at Noon;Chaos Orb;2.09417339055794;Medium
Allflame;2026-09-16;Dedication to the Goddess;Chaos Orb;24.826520146520146;Medium
Allflame;2026-09-17;Dedication to the Goddess;Chaos Orb;26.529307989307988;Medium
Allflame;2026-09-18;Dedication to the Goddess;Chaos Orb;26.34257103257103;Medium
Allflame;2026-09-19;Dedication to the Goddess;Chaos Orb;25.0797227997228;Medium
Allflame;2026-09-20;Dedication to the Goddess;Chaos Orb;19.18326601326601;Medium
Allflame;2026-09-21;Dedication to the Goddess;Chaos Orb;31.17241164241164;Medium
Allflame;2026-09-16;Ritual Vessel;Chaos Orb;2.5715875714948213;Medium
Allflame;2026-09-17;Ritual Vessel;Chaos Orb;2.0212088421703505;Medium
Allflame;2026-09-18;Ritual Vessel;Chaos Orb;1.6327716803215333;Medium
Allflame;2026-09-19;Ritual Vessel;Chaos Orb;2.1519863966609982;Medium
Allflame;2026-09-20;Ritual Vessel;Chaos Orb;1.899057041273767;Medium
Allflame;2026-09-21;Ritual Vessel;Chaos Orb;1.6845262018859173;Medium
Allflame;2026-09-16;Sacred Blossom;Chaos Orb;38.16519805420431;Medium
Allflame;2026-09-17;Sacred Blossom;Chaos Orb;39.858075052119524;Medium
Allflame;2026-09-18;Sacred Blossom;Chaos Orb;35.362772758860324;Medium
Allflame;2026-09-19;Sacred Blossom;Chaos Orb;40.576018068102854;Medium
Allflame;2026-09-20;Sacred Blossom;Chaos Orb;46.43378040305768;Medium
Allflame;2026-09-21;Sacred Blossom;Chaos Orb;51.84690757470465;Medium
Allflame;2026-09-16;The Maven's Writ;Chaos Orb;15.7997707116591;Medium
Allflame;2026-09-17;The Maven's Writ;Chaos Orb;13.792468094311058;Medium
Allflame;2026-09-18;The Maven's Writ;Chaos Orb;13.657616266493623;Medium
Allflame;2026-09-19;The Maven's Writ;Chaos Orb;11.29881462253948;Medium
Allflame;2026-09-20;The Maven's Writ;Chaos Orb;13.085048669695006;Medium
Allflame;2026-09-21;The Maven's Writ;Chaos Orb;16.67299156391954;Medium
Allflame;2026-09-16;Timeless Maraketh Emblem;Chaos Orb;59.9739941118744;Medium
Allflame;2026-09-17;Timeless Maraketh Emblem;Chaos Orb;45.479735034347414;Medium
Allflame;2026-09-18;Timeless Maraketh Emblem;Chaos Orb;54.15932286555447;Medium
Allflame;2026-09-19;Timeless Maraketh Emblem;Chaos Orb;50.49170755642788;Medium
Allflame;2026-09-20;Timeless Maraketh Emblem;Chaos Orb;34.13101079489696;Medium
Allflame;2026-09-21;Timeless Maraketh Emblem;Chaos Orb;44.272423945044174;Medium
Allflame;2026-09-16;Timeless Maraketh Splinter;Chaos Orb;0.9793288119738073;Medium
Allflame;2026-09-17;Timeless Maraketh Splinter;Chaos Orb;2.4039335827876522;Medium
Allflame;2026-09-18;Timeless Maraketh Splinter;Chaos Orb;0.9623526660430309;Medium
Allflame;2026-09-19;Timeless Maraketh Splinter;Chaos Orb;1.832032273152479;Medium
Allflame;2026-09-20;Timeless Maraketh Splinter;Chaos Orb;0.5315481758652946;Medium
Allflame;2026-09-21;Timeless Maraketh Splinter;Chaos Orb;0.5933302151543497;Medium
Allflame;2026-09-16;Timeless Templar Emblem;Chaos Orb;24.28151300236407;Medium
Allflame;2026-09-17;Timeless Templar Emblem;Chaos Orb;17.980453112687158;Medium
Allflame;2026-09-18;Timeless Templar Emblem;Chaos Orb;20.6541804570528;Medium
Allflame;2026-09-19;Timeless Templar Emblem;Chaos Orb;17.96410559495666;Medium
Allflame;2026-09-20;Timeless Templar Emblem;Chaos Orb;17.769751773049645;Medium
Allflame;2026-09-21;Timeless Templar Emblem;Chaos Orb;17.52090622537431;Medium
Allflame;2026-09-16;Traumatic Fragment;Chaos Orb;83.38862552426602;Medium
Allflame;2026-09-17;Traumatic Fragment;Chaos Orb;67.50685560215697;Medium
Allflame;2026-09-18;Traumatic Fragment;Chaos Orb;58.95743079688436;Medium
Allflame;2026-09-19;Traumatic Fragment;Chaos Orb;69.46314319952067;Medium
Allflame;2026-09-20;Traumatic Fragment;Chaos Orb;62.832672258837626;Medium
Allflame;2026-09-21;Traumatic Fragment;Chaos Orb;60.39851288196524;Medium
Allflame;2026-09-16;Zorath's Eye of the Endless;Chaos Orb;230.18381966960013;Medium
Allflame;2026-09-17;Zorath's Eye of the Endless;Chaos Orb;205.9603828933148;Medium
Allflame;2026-09-18;Zorath's Eye of the Endless;Chaos Orb;161.27548247645515;Medium
Allflame;2026-09-19;Zorath's Eye of the Endless;Chaos Orb;153.32334414080594;Medium
Allflame;2026-09-20;Zorath's Eye of the Endless;Chaos Orb;217.42981318511656;Medium
Allflame;2026-09-21;Zorath's Eye of the Endless;Chaos Orb;234.95510267098965;Medium
Allflame;2026-09-16;Sacrifice at Dawn;Chaos Orb;1.23808369462771;Medium
Allflame;2026-09-17;Sacrifice at Dawn;Chaos Orb;1.4972143261074464;Medium
Allflame;2026-09-18;Sacrifice at Dawn;Chaos Orb;0.6331279924599438;Medium
Allflame;2026-09-19;Sacrifice at Dawn;Chaos Orb;0.39264278982092377;Medium
Allflame;2026-09-20;Sacrifice at Dawn;Chaos Orb;0.655448067860509;Medium
Allflame;2026-09-21;Sacrifice at Dawn;Chaos Orb;0.5650789820923658;Medium
Allflame;2026-09-16;Devouring Fragment;Chaos Orb;174.9044419766796;Medium
Allflame;2026-09-17;Devouring Fragment;Chaos Orb;148.71365907828982;Medium
Allflame;2026-09-18;Devouring Fragment;Chaos Orb;175.53808995002774;Medium
Allflame;2026-09-19;Devouring Fragment;Chaos Orb;207.99494725152692;Medium
Allflame;2026-09-20;Devouring Fragment;Chaos Orb;226.26513048306498;Medium
Allflame;2026-09-21;Devouring Fragment;Chaos Orb;188.4574680732926;Medium
Allflame;2026-09-16;Echo of Reverence;Chaos Orb;316.08735656384886;Medium
Allflame;2026-09-17;Echo of Reverence;Chaos Orb;281.82905569007266;Medium
Allflame;2026-09-18;Echo of Reverence;Chaos Orb;326.73694073060324;Medium
Allflame;2026-09-19;Echo of Reverence;Chaos Orb;330.8428045057375;Medium
Allflame;2026-09-20;Echo of Reverence;Chaos Orb;310.6021791767555;Medium
Allflame;2026-09-21;Echo of Reverence;Chaos Orb;225.2451205390041;Medium
Allflame;2026-09-16;Echo of Trauma;Chaos Orb;505.15122994652404;Medium
Allflame;2026-09-17;Echo of Trauma;Chaos Orb;419.43112299465236;Medium
Allflame;2026-09-18;Echo of Trauma;Chaos Orb;458.007486631016;Medium
Allflame;2026-09-19;Echo of Trauma;Chaos Orb;479.2175401069518;Medium
Allflame;2026-09-20;Echo of Trauma;Chaos Orb;400.2124064171123;Medium
Allflame;2026-09-21;Echo of Trauma;Chaos Orb;381.8272727272727;Medium
Allflame;2026-09-16;Fragment of Terror;Chaos Orb;44.83803321678321;Medium
Allflame;2026-09-17;Fragment of Terror;Chaos Orb;42.730741064491056;Medium
Allflame;2026-09-18;Fragment of Terror;Chaos Orb;38.79408702408702;Medium
Allflame;2026-09-19;Fragment of Terror;Chaos Orb;36.342493201243194;Medium
Allflame;2026-09-20;Fragment of Terror;Chaos Orb;39.27527972027971;Medium
Allflame;2026-09-21;Fragment of Terror;Chaos Orb;39.520024281274274;Medium
Allflame;2026-09-16;Mortal Hope;Chaos Orb;15.059978880675816;Medium
Allflame;2026-09-17;Mortal Hope;Chaos Orb;12.839493136219641;Medium
Allflame;2026-09-18;Mortal Hope;Chaos Orb;14.984582893347413;Medium
Allflame;2026-09-19;Mortal Hope;Chaos Orb;11.102428722280886;Medium
Allflame;2026-09-20;Mortal Hope;Chaos Orb;11.922914466737064;Medium
Allflame;2026-09-21;Mortal Hope;Chaos Orb;15.932206969376981;Medium
Allflame;2026-09-16;Lonely Fragment;Chaos Orb;71.26863021989108;Medium
Allflame;2026-09-17;Lonely Fragment;Chaos Orb;57.39343151099456;Medium
Allflame;2026-09-18;Lonely Fragment;Chaos Orb;57.90227153520275;Medium
Allflame;2026-09-19;Lonely Fragment;Chaos Orb;60.067944321161995;Medium
Allflame;2026-09-20;Lonely Fragment;Chaos Orb;55.61249142626589;Medium
Allflame;2026-09-21;Lonely Fragment;Chaos Orb;58.9633891466613;Medium
Allflame;2026-09-16;Memory of Reverence;Chaos Orb;11.650341690468634;Medium
Allflame;2026-09-17;Memory of Reverence;Chaos Orb;12.37183962763144;Medium
Allflame;2026-09-18;Memory of Reverence;Chaos Orb;11.242186607426213;Medium
Allflame;2026-09-19;Memory of Reverence;Chaos Orb;10.316033005395111;Medium
Allflame;2026-09-20;Memory of Reverence;Chaos Orb;17.40729398074685;Medium
Allflame;2026-09-21;Memory of Reverence;Chaos Orb;20.30369194964561;Medium
Allflame;2026-09-16;Memory of Trauma;Chaos Orb;101.16018684105164;Medium
Allflame;2026-09-17;Memory of Trauma;Chaos Orb;87.98127318830907;Medium
Allflame;2026-09-18;Memory of Trauma;Chaos Orb;87.94279460830107;Medium
Allflame;2026-09-19;Memory of Trauma;Chaos Orb;87.91393567329507;Medium
Allflame;2026-09-20;Memory of Trauma;Chaos Orb;86.61528359802482;Medium
Allflame;2026-09-21;Memory of Trauma;Chaos Orb;83.75824903243026;Medium
Allflame;2026-09-16;Fragment of the Minotaur;Chaos Orb;9.230009295204768;Medium
Allflame;2026-09-17;Fragment of the Minotaur;Chaos Orb;6.624293837826016;Medium
Allflame;2026-09-18;Fragment of the Minotaur;Chaos Orb;6.500212149379409;Medium
Allflame;2026-09-19;Fragment of the Minotaur;Chaos Orb;8.537654327737986;Medium
Allflame;2026-09-20;Fragment of the Minotaur;Chaos Orb;6.44390617310952;Medium
Allflame;2026-09-21;Fragment of the Minotaur;Chaos Orb;8.07365137514353;Medium
Allflame;2026-09-16;Tribute to the Goddess;Chaos Orb;8.749138680091027;Medium
Allflame;2026-09-17;Tribute to the Goddess;Chaos Orb;9.060125508585616;Medium
Allflame;2026-09-18;Tribute to the Goddess;Chaos Orb;9.150164816219572;Medium
Allflame;2026-09-19;Tribute to the Goddess;Chaos Orb;8.000726846424383;Medium
Allflame;2026-09-20;Tribute to the Goddess;Chaos Orb;9.603554237638784;Medium
Allflame;2026-09-21;Tribute to the Goddess;Chaos Orb;10.464994138335287;Medium
Allflame;2026-09-16;Fragment of the Phoenix;Chaos Orb;6.339139082256002;Medium
Allflame;2026-09-17;Fragment of the Phoenix;Chaos Orb;5.473334280437562;Medium
Allflame;2026-09-18;Fragment of the Phoenix;Chaos Orb;5.378775394232136;Medium
Allflame;2026-09-19;Fragment of the Phoenix;Chaos Orb;6.600653501917886;Medium
Allflame;2026-09-20;Fragment of the Phoenix;Chaos Orb;5.490325330302601;Medium
Allflame;2026-09-21;Fragment of the Phoenix;Chaos Orb;6.2379315243642575;Medium
Allflame;2026-09-16;Mortal Rage;Chaos Orb;13.378031770631537;Medium
Allflame;2026-09-17;Mortal Rage;Chaos Orb;10.872239442076713;Medium
Allflame;2026-09-18;Mortal Rage;Chaos Orb;11.645376469068836;Medium
Allflame;2026-09-19;Mortal Rage;Chaos Orb;9.650406819062379;Medium
Allflame;2026-09-20;Mortal Rage;Chaos Orb;9.846452279478239;Medium
Allflame;2026-09-21;Mortal Rage;Chaos Orb;9.01947178096345;Medium
Allflame;2026-09-16;Reality Fragment;Chaos Orb;246.49883441023695;Medium
Allflame;2026-09-17;Reality Fragment;Chaos Orb;232.2541239072596;Medium
Allflame;2026-09-18;Reality Fragment;Chaos Orb;231.36546306854174;Medium
Allflame;2026-09-19;Reality Fragment;Chaos Orb;226.13804637020144;Medium
Allflame;2026-09-20;Reality Fragment;Chaos Orb;220.10038008361843;Medium
Allflame;2026-09-21;Reality Fragment;Chaos Orb;214.9252375522615;Medium
Allflame;2026-09-16;Reverent Fragment;Chaos Orb;181.5561459795468;Medium
Allflame;2026-09-17;Reverent Fragment;Chaos Orb;183.87607780228595;Medium
Allflame;2026-09-18;Reverent Fragment;Chaos Orb;183.34335271706436;Medium
Allflame;2026-09-19;Reverent Fragment;Chaos Orb;178.30824142771206;Medium
Allflame;2026-09-20;Reverent Fragment;Chaos Orb;149.48953278524164;Medium
Allflame;2026-09-21;Reverent Fragment;Chaos Orb;176.4351112893523;Medium
Allflame;2026-09-16;Synthesising Fragment;Chaos Orb;16.514023285899096;Medium
Allflame;2026-09-17;Synthesising Fragment;Chaos Orb;16.250776196636483;Medium
Allflame;2026-09-18;Synthesising Fragment;Chaos Orb;14.660970245795603;Medium
Allflame;2026-09-19;Synthesising Fragment;Chaos Orb;16.429715394566625;Medium
Allflame;2026-09-20;Synthesising Fragment;Chaos Orb;12.878460543337646;Medium
Allflame;2026-09-21;Synthesising Fragment;Chaos Orb;16.075278137128073;Medium
Allflame;2026-09-16;Timeless Eternal Emblem;Chaos Orb;4.11118659742477;Medium
Allflame;2026-09-17;Timeless Eternal Emblem;Chaos Orb;3.1879305684000854;Medium
Allflame;2026-09-18;Timeless Eternal Emblem;Chaos Orb;5.5013964572810705;Medium
Allflame;2026-09-19;Timeless Eternal Emblem;Chaos Orb;4.008106281567903;Medium
Allflame;2026-09-20;Timeless Eternal Emblem;Chaos Orb;3.3669467169381804;Medium
Allflame;2026-09-21;Timeless Eternal Emblem;Chaos Orb;3.688900903464466;Medium
Allflame;2026-09-16;Timeless Karui Emblem;Chaos Orb;5.568524590163933;Medium
Allflame;2026-09-17;Timeless Karui Emblem;Chaos Orb;3.4956357012750447;Medium
Allflame;2026-09-18;Timeless Karui Emblem;Chaos Orb;6.007723132969033;Medium
Allflame;2026-09-19;Timeless Karui Emblem;Chaos Orb;3.0359198542805093;Medium
Allflame;2026-09-20;Timeless Karui Emblem;Chaos Orb;6.947672131147538;Medium
Allflame;2026-09-21;Timeless Karui Emblem;Chaos Orb;6.144932604735882;Medium
Allflame;2026-09-16;Timeless Vaal Emblem;Chaos Orb;8.496220444016604;Medium
Allflame;2026-09-17;Timeless Vaal Emblem;Chaos Orb;6.502347632513086;Medium
Allflame;2026-09-18;Timeless Vaal Emblem;Chaos Orb;6.591391613019674;Medium
Allflame;2026-09-19;Timeless Vaal Emblem;Chaos Orb;4.930187112688767;Medium
Allflame;2026-09-20;Timeless Vaal Emblem;Chaos Orb;6.208146320919319;Medium
Allflame;2026-09-21;Timeless Vaal Emblem;Chaos Orb;4.818347873172493;Medium
Allflame;2026-09-16;Veritania's Crest;Chaos Orb;7.735555426581543;Medium
Allflame;2026-09-17;Veritania's Crest;Chaos Orb;6.720858966918166;Medium
Allflame;2026-09-18;Veritania's Crest;Chaos Orb;6.542986070806732;Medium
Allflame;2026-09-19;Veritania's Crest;Chaos Orb;11.422176436448053;Medium
Allflame;2026-09-20;Veritania's Crest;Chaos Orb;11.794341265235056;Medium
Allflame;2026-09-21;Veritania's Crest;Chaos Orb;13.168067324434125;Medium
Allflame;2026-09-23;Broken Mirror of Kalandra;Chaos Orb;41055;High
Allflame;2026-09-23;Reflecting Mist;Chaos Orb;1782;High
Allflame;2026-09-23;Fracturing Orb;Chaos Orb;434.7;High
Allflame;2026-09-23;Orb of Conflict;Chaos Orb;376.6;High
Allflame;2026-09-23;Divine Orb;Chaos Orb;365.8;High
Allflame;2026-09-23;Tempering Catalyst;Chaos Orb;5.67;High
Allflame;2026-09-23;Prismatic Catalyst;Chaos Orb;87.45;High
Allflame;2026-09-23;Orb of Annulment;Chaos Orb;13.32;High
Allflame;2026-09-23;Accelerating Catalyst;Chaos Orb;4.02;High
Allflame;2026-09-23;Stacked Deck;Chaos Orb;6.48;High
Allflame;2026-09-23;Chromatic Orb;Chaos Orb;3.89;High
Allflame;2026-09-23;Ancient Orb;Chaos Orb;12.12;High
Allflame;2026-09-23;Unstable Catalyst;Chaos Orb;7.1;High
Allflame;2026-09-23;Enkindling Orb;Chaos Orb;2.04;High
Allflame;2026-09-23;Gemcutter's Prism;Chaos Orb;1.94;High
Allflame;2026-09-23;Intrinsic Catalyst;Chaos Orb;2.7;High
Allflame;2026-09-23;Scrying Orb;Chaos Orb;3;High
Allflame;2026-09-23;Turbulent Catalyst;Chaos Orb;2.15;High
Allflame;2026-09-23;Imbued Catalyst;Chaos Orb;2.13;High
Allflame;2026-09-23;Abrasive Catalyst;Chaos Orb;2.27;High
Allflame;2026-09-23;Orb of Scouring;Chaos Orb;0.8146;High
Allflame;2026-09-23;Fertile Catalyst;Chaos Orb;32.59;High
Allflame;2026-09-23;Noxious Catalyst;Chaos Orb;2.26;High
Allflame;2026-09-23;Orb of Fusing;Chaos Orb;0.1108;High
Allflame;2026-09-23;Orb of Alteration;Chaos Orb;0.1622;High
Allflame;2026-09-23;Orb of Transmutation;Chaos Orb;0.007708;High
Allflame;2026-09-23;Vivid Crystallised Lifeforce;Chaos Orb;0.1197;High
Allflame;2026-09-23;Jeweller's Orb;Chaos Orb;0.01211;High
Allflame;2026-09-23;Reverent Reliquary Key;Chaos Orb;2800;High
Allflame;2026-09-23;Traumatic Reliquary Key;Chaos Orb;1785;High
Allflame;2026-09-23;Syndicate Medallion;Chaos Orb;1575;High
Allflame;2026-09-23;Archive Reliquary Key;Chaos Orb;1400;High
Allflame;2026-09-23;Zorath's Eye of the Inevitable;Chaos Orb;1085;High
Allflame;2026-09-23;Shiny Reliquary Key;Chaos Orb;1050;High
Allflame;2026-09-23;Forgotten Reliquary Key;Chaos Orb;380;High
Allflame;2026-09-23;Oubliette Reliquary Key;Chaos Orb;350;High
Allflame;2026-09-23;Valdo's Puzzle Box;Chaos Orb;350;High
Allflame;2026-09-23;Simulacrum;Chaos Orb;269.6;High
Allflame;2026-09-23;Zorath's Eye of the Endless;Chaos Orb;200;High
Allflame;2026-09-23;Voidborn Reliquary Key;Chaos Orb;149;High
Allflame;2026-09-23;An Audience With The King;Chaos Orb;36.5;High
Allflame;2026-09-23;Gift to the Goddess;Chaos Orb;35;High
Allflame;2026-09-23;Zorath's Eye of Authority;Chaos Orb;13.6;High
Allflame;2026-09-23;Zorath's Eye of Malevolence;Chaos Orb;10;High
Allflame;2026-09-23;Message in a Bottle;Chaos Orb;8;High
Allflame;2026-09-23;Simulacrum Splinter;Chaos Orb;3.2;High
Allflame;2026-09-23;Sacrifice at Noon;Chaos Orb;1.44;High
Allflame;2026-09-23;Offering to the Goddess;Chaos Orb;1.4;High
Allflame;2026-09-23;Divine Vessel;Chaos Orb;1;High
Allflame;2026-09-23;Blessed Orb;Chaos Orb;0.08532;High
Allflame;2026-09-23;Orb of Alchemy;Chaos Orb;0.0186;High
Allflame;2026-09-23;Orb of Augmentation;Chaos Orb;0.03616;High
Allflame;2026-09-23;Awakener's Orb;Chaos Orb;983.6;High
Allflame;2026-09-23;Glassblower's Bauble;Chaos Orb;0.5261;High
Allflame;2026-09-23;Orb of Chance;Chaos Orb;0.1275;High
Allflame;2026-09-23;Dead Man's Sulphur;Chaos Orb;0.01019;High
Allflame;2026-09-23;Elder's Exalted Orb;Chaos Orb;88.94;High
Allflame;2026-09-23;Eldritch Chaos Orb;Chaos Orb;37.66;High
Allflame;2026-09-23;Eldritch Exalted Orb;Chaos Orb;3.41;High
Allflame;2026-09-23;Eldritch Orb of Annulment;Chaos Orb;41.53;High
Allflame;2026-09-23;Exalted Orb;Chaos Orb;2.46;High
Allflame;2026-09-23;Exceptional Eldritch Ichor;Chaos Orb;293.9;High
Allflame;2026-09-23;Fracturing Shard;Chaos Orb;17.12;High
Allflame;2026-09-23;Grand Eldritch Ember;Chaos Orb;10.17;High
Allflame;2026-09-23;Grand Eldritch Ichor;Chaos Orb;6.06;High
Allflame;2026-09-23;Greater Eldritch Ember;Chaos Orb;0.6182;High
Allflame;2026-09-23;Greater Eldritch Ichor;Chaos Orb;0.3576;High
Allflame;2026-09-23;Instilling Orb;Chaos Orb;0.2223;High
Allflame;2026-09-23;Lesser Eldritch Ember;Chaos Orb;0.1341;High
Allflame;2026-09-23;Lesser Eldritch Ichor;Chaos Orb;0.08206;High
Allflame;2026-09-23;Maven's Chisel of Avarice;Chaos Orb;240.4;High
Allflame;2026-09-23;Maven's Chisel of Scarabs;Chaos Orb;56.69;High
Allflame;2026-09-23;Orb of Binding;Chaos Orb;0.004394;High
Allflame;2026-09-23;Orb of Intention;Chaos Orb;1.97;High
Allflame;2026-09-23;Orb of Remembrance;Chaos Orb;107.6;High
Allflame;2026-09-23;Orb of Unmaking;Chaos Orb;0.2414;High
Allflame;2026-09-23;Orb of Unravelling;Chaos Orb;21.77;High
Allflame;2026-09-23;Primal Crystallised Lifeforce;Chaos Orb;0.07285;High
Allflame;2026-09-23;Redeemer's Exalted Orb;Chaos Orb;220.8;High
Allflame;2026-09-23;Regal Orb;Chaos Orb;0.07104;High
Allflame;2026-09-23;Orb of Regret;Chaos Orb;1.75;High
Allflame;2026-09-23;Sacred Crystallised Lifeforce;Chaos Orb;50.01;High
Allflame;2026-09-23;Crystallised Rancour;Chaos Orb;476.8;High
Allflame;2026-09-23;Armourer's Scrap;Chaos Orb;0.2058;High
Allflame;2026-09-23;Shaper's Exalted Orb;Chaos Orb;148.2;High
Allflame;2026-09-23;Tainted Blacksmith's Whetstone;Chaos Orb;6.19;High
Allflame;2026-09-23;Tainted Exalted Orb;Chaos Orb;499.5;High
Allflame;2026-09-23;Tainted Orb of Fusing;Chaos Orb;22.69;High
Allflame;2026-09-23;Veiled Exalted Orb;Chaos Orb;5149;High
Allflame;2026-09-23;Wild Crystallised Lifeforce;Chaos Orb;0.02835;High
Allflame;2026-09-23;Crusader's Exalted Orb;Chaos Orb;201.1;High
Allflame;2026-09-23;Hinekora's Lock;Chaos Orb;101521;High
Allflame;2026-09-23;Exceptional Eldritch Ember;Chaos Orb;189.3;High
Allflame;2026-09-23;Flesh of Xesht;Chaos Orb;92.95;High
Allflame;2026-09-23;Foulborn Exalted Orb;Chaos Orb;1967;High
Allflame;2026-09-23;Foulborn Orb of Augmentation;Chaos Orb;1.71;High
Allflame;2026-09-23;Foulborn Regal Orb;Chaos Orb;12.97;High
Allflame;2026-09-23;Hunter's Exalted Orb;Chaos Orb;573.6;High
Allflame;2026-09-23;Maven's Chisel of Divination;Chaos Orb;37.06;High
Allflame;2026-09-23;Maven's Chisel of Procurement;Chaos Orb;3.64;High
Allflame;2026-09-23;Maven's Chisel of Proliferation;Chaos Orb;48.39;High
Allflame;2026-09-23;Orb of Dominance;Chaos Orb;1730;High
Allflame;2026-09-23;Mirror of Kalandra;Chaos Orb;395391;High
Allflame;2026-09-23;Mirror Shard;Chaos Orb;19942;High
Allflame;2026-09-23;Portal Scroll;Chaos Orb;0.03092;High
Allflame;2026-09-23;Rogue's Marker;Chaos Orb;0.001272;High
Allflame;2026-09-23;Sacred Orb;Chaos Orb;82.79;High
Allflame;2026-09-23;Tailoring Orb;Chaos Orb;543.5;High
Allflame;2026-09-23;Tainted Armourer's Scrap;Chaos Orb;2.3;High
Allflame;2026-09-23;Tainted Catalyst;Chaos Orb;11.46;High
Allflame;2026-09-23;Tainted Chaos Orb;Chaos Orb;18.04;High
Allflame;2026-09-23;Tainted Chromatic Orb;Chaos Orb;5.53;High
Allflame;2026-09-23;Volatile Vaal Orb;Chaos Orb;1321;High
Allflame;2026-09-23;Tainted Divine Teardrop;Chaos Orb;2058;High
Allflame;2026-09-23;Tainted Jeweller's Orb;Chaos Orb;1.65;High
Allflame;2026-09-23;Tainted Mythic Orb;Chaos Orb;15.04;High
Allflame;2026-09-23;Tempering Orb;Chaos Orb;605.9;High
Allflame;2026-09-23;Vaal Orb;Chaos Orb;0.7488;High
Allflame;2026-09-23;Veiled Chaos Orb;Chaos Orb;78.1;High
Allflame;2026-09-23;Warlord's Exalted Orb;Chaos Orb;512.4;High
Allflame;2026-09-23;Blacksmith's Whetstone;Chaos Orb;0.08069;High
Allflame;2026-09-23;Scroll of Wisdom;Chaos Orb;0.01703;High
Allflame;2026-09-23;Awakening Fragment;Chaos Orb;7.66;High
Allflame;2026-09-23;Baran's Crest;Chaos Orb;8.14;High
Allflame;2026-09-23;Al-Hezmin's Crest;Chaos Orb;7.81;High
Allflame;2026-09-23;Blazing Fragment;Chaos Orb;67.22;High
Allflame;2026-09-23;Fragment of the Chimera;Chaos Orb;5.3;High
Allflame;2026-09-23;Cosmic Fragment;Chaos Orb;232.2;High
Allflame;2026-09-23;Crescent Splinter;Chaos Orb;4.36;High
Allflame;2026-09-23;Decaying Fragment;Chaos Orb;141.6;High
Allflame;2026-09-23;Drox's Crest;Chaos Orb;9.99;High
Allflame;2026-09-23;Sacrifice at Dusk;Chaos Orb;0.1335;High
Allflame;2026-09-23;Echo of Loneliness;Chaos Orb;124.7;High
Allflame;2026-09-23;Fragment of Constriction;Chaos Orb;11.99;High
Allflame;2026-09-23;Fragment of Emptiness;Chaos Orb;39.79;High
Allflame;2026-09-23;Fragment of Enslavement;Chaos Orb;12.38;High
Allflame;2026-09-23;Fragment of Eradication;Chaos Orb;14.83;High
Allflame;2026-09-23;Fragment of Knowledge;Chaos Orb;98.07;High
Allflame;2026-09-23;Fragment of Purification;Chaos Orb;11.38;High
Allflame;2026-09-23;Fragment of Shape;Chaos Orb;78.05;High
Allflame;2026-09-23;Mortal Grief;Chaos Orb;10.69;High
Allflame;2026-09-23;Hivebrain Gland;Chaos Orb;6.09;High
Allflame;2026-09-23;Fragment of the Hydra;Chaos Orb;5.35;High
Allflame;2026-09-23;Mortal Ignorance;Chaos Orb;12.84;High
Allflame;2026-09-23;Memory of Loneliness;Chaos Orb;5.17;High
Allflame;2026-09-23;Sacrifice at Midnight;Chaos Orb;2.22;High
Allflame;2026-09-23;Dedication to the Goddess;Chaos Orb;28.74;High
Allflame;2026-09-23;Ritual Splinter;Chaos Orb;0.4742;High
Allflame;2026-09-23;Ritual Vessel;Chaos Orb;1.99;High
Allflame;2026-09-23;Sacred Blossom;Chaos Orb;35.44;High
Allflame;2026-09-23;The Maven's Writ;Chaos Orb;8.97;High
Allflame;2026-09-23;Timeless Maraketh Emblem;Chaos Orb;23.17;High
Allflame;2026-09-23;Timeless Maraketh Splinter;Chaos Orb;1.31;High
Allflame;2026-09-23;Timeless Templar Emblem;Chaos Orb;34.69;High
Allflame;2026-09-23;Timeless Templar Splinter;Chaos Orb;3;High
Allflame;2026-09-23;Traumatic Fragment;Chaos Orb;72.81;High
Allflame;2026-09-23;Sacrifice at Dawn;Chaos Orb;0.1664;High
Allflame;2026-09-23;Devouring Fragment;Chaos Orb;184.1;High
Allflame;2026-09-23;Echo of Reverence;Chaos Orb;310.4;High
Allflame;2026-09-23;Echo of Trauma;Chaos Orb;457.6;High
Allflame;2026-09-23;Fragment of Terror;Chaos Orb;39.79;High
Allflame;2026-09-23;Mortal Hope;Chaos Orb;12.49;High
Allflame;2026-09-23;Lonely Fragment;Chaos Orb;62.22;High
Allflame;2026-09-23;Memory of Reverence;Chaos Orb;14.36;High
Allflame;2026-09-23;Memory of Trauma;Chaos Orb;67.39;High
Allflame;2026-09-23;Fragment of the Minotaur;Chaos Orb;10.59;High
Allflame;2026-09-23;Tribute to the Goddess;Chaos Orb;9.56;High
Allflame;2026-09-23;Fragment of the Phoenix;Chaos Orb;5.54;High
Allflame;2026-09-23;Mortal Rage;Chaos Orb;10.98;High
Allflame;2026-09-23;Reality Fragment;Chaos Orb;214.2;High
Allflame;2026-09-23;Reverent Fragment;Chaos Orb;152.2;High
Allflame;2026-09-23;Synthesising Fragment;Chaos Orb;8.82;High
Allflame;2026-09-23;Timeless Eternal Emblem;Chaos Orb;2.21;High
Allflame;2026-09-23;Timeless Karui Emblem;Chaos Orb;3.61;High
Allflame;2026-09-23;Timeless Vaal Emblem;Chaos Orb;6.85;High
Allflame;2026-09-23;Veritania's Crest;Chaos Orb;9.09;High
Allflame;2026-09-23;Timeless Karui Splinter;Chaos Orb;0.3333;High
Allflame;2026-09-23;Timeless Vaal Splinter;Chaos Orb;0.8974;High
Allflame;2026-09-24;Broken Mirror of Kalandra;Chaos Orb;40460;High
Allflame;2026-09-24;Reflecting Mist;Chaos Orb;1807;High
Allflame;2026-09-24;Fracturing Orb;Chaos Orb;405.2;High
Allflame;2026-09-24;Accelerating Catalyst;Chaos Orb;1.99;High
Allflame;2026-09-24;Orb of Conflict;Chaos Orb;388.7;High
Allflame;2026-09-24;Divine Orb;Chaos Orb;364;High
Allflame;2026-09-24;Tempering Catalyst;Chaos Orb;5.88;High
Allflame;2026-09-24;Tainted Catalyst;Chaos Orb;12.31;High
Allflame;2026-09-24;Orb of Annulment;Chaos Orb;11.53;High
Allflame;2026-09-24;Imbued Catalyst;Chaos Orb;1.55;High
Allflame;2026-09-24;Unstable Catalyst;Chaos Orb;7.18;High
Allflame;2026-09-24;Chromatic Orb;Chaos Orb;3.2;High
Allflame;2026-09-24;Stacked Deck;Chaos Orb;6.34;High
Allflame;2026-09-24;Ancient Orb;Chaos Orb;11.15;High
Allflame;2026-09-24;Enkindling Orb;Chaos Orb;2.06;High
Allflame;2026-09-24;Intrinsic Catalyst;Chaos Orb;2.48;High
Allflame;2026-09-24;Gemcutter's Prism;Chaos Orb;1.73;High
Allflame;2026-09-24;Abrasive Catalyst;Chaos Orb;1.63;High
Allflame;2026-09-24;Scrying Orb;Chaos Orb;2;High
Allflame;2026-09-24;Orb of Scouring;Chaos Orb;0.8847;High
Allflame;2026-09-24;Turbulent Catalyst;Chaos Orb;1.62;High
Allflame;2026-09-24;Fertile Catalyst;Chaos Orb;34.39;High
Allflame;2026-09-24;Regal Orb;Chaos Orb;0.3115;High
Allflame;2026-09-24;Orb of Alchemy;Chaos Orb;0.03284;High
Allflame;2026-09-24;Orb of Fusing;Chaos Orb;0.09791;High
Allflame;2026-09-24;Orb of Alteration;Chaos Orb;0.1563;High
Allflame;2026-09-24;Orb of Transmutation;Chaos Orb;0.007474;High
Allflame;2026-09-24;Vivid Crystallised Lifeforce;Chaos Orb;0.1235;High
Allflame;2026-09-24;Jeweller's Orb;Chaos Orb;0.01305;High
Allflame;2026-09-24;Traumatic Reliquary Key;Chaos Orb;1714;High
Allflame;2026-09-24;Syndicate Medallion;Chaos Orb;1512;High
Allflame;2026-09-24;Archive Reliquary Key;Chaos Orb;1344;High
Allflame;2026-09-24;Zorath's Eye of the Inevitable;Chaos Orb;1008;High
Allflame;2026-09-24;Shiny Reliquary Key;Chaos Orb;739.2;High
Allflame;2026-09-24;Forgotten Reliquary Key;Chaos Orb;370;High
Allflame;2026-09-24;Oubliette Reliquary Key;Chaos Orb;336;High
Allflame;2026-09-24;Valdo's Puzzle Box;Chaos Orb;336;High
Allflame;2026-09-24;Voidborn Reliquary Key;Chaos Orb;325.2;High
Allflame;2026-09-24;Simulacrum;Chaos Orb;282.4;High
Allflame;2026-09-24;Zorath's Eye of the Endless;Chaos Orb;200;High
Allflame;2026-09-24;Gift to the Goddess;Chaos Orb;35.5;High
Allflame;2026-09-24;An Audience With The King;Chaos Orb;27.5;High
Allflame;2026-09-24;Zorath's Eye of Authority;Chaos Orb;12;High
Allflame;2026-09-24;Zorath's Eye of Malevolence;Chaos Orb;9.5;High
Allflame;2026-09-24;Message in a Bottle;Chaos Orb;8;High
Allflame;2026-09-24;Simulacrum Splinter;Chaos Orb;4;High
Allflame;2026-09-24;Timeless Vaal Splinter;Chaos Orb;2.6;High
Allflame;2026-09-24;Sacrifice at Noon;Chaos Orb;1.48;High
Allflame;2026-09-24;Sacrifice at Dawn;Chaos Orb;1;High
Allflame;2026-09-24;Offering to the Goddess;Chaos Orb;1;High
Allflame;2026-09-24;Divine Vessel;Chaos Orb;1;High
Allflame;2026-09-24;Sacrifice at Dusk;Chaos Orb;0.92;High
Allflame;2026-09-24;Blessed Orb;Chaos Orb;0.05592;High
Allflame;2026-09-24;Orb of Augmentation;Chaos Orb;0.04153;High
Allflame;2026-09-24;Awakener's Orb;Chaos Orb;978.3;High
Allflame;2026-09-24;Glassblower's Bauble;Chaos Orb;0.5888;High
Allflame;2026-09-24;Orb of Chance;Chaos Orb;0.1265;High
Allflame;2026-09-24;Dead Man's Sulphur;Chaos Orb;0.009712;High
Allflame;2026-09-24;Elder's Exalted Orb;Chaos Orb;88.75;High
Allflame;2026-09-24;Eldritch Chaos Orb;Chaos Orb;38.62;High
Allflame;2026-09-24;Eldritch Exalted Orb;Chaos Orb;4.76;High
Allflame;2026-09-24;Eldritch Orb of Annulment;Chaos Orb;56.2;High
Allflame;2026-09-24;Exalted Orb;Chaos Orb;2.38;High
Allflame;2026-09-24;Exceptional Eldritch Ichor;Chaos Orb;275.7;High
Allflame;2026-09-24;Fracturing Shard;Chaos Orb;22.62;High
Allflame;2026-09-24;Grand Eldritch Ember;Chaos Orb;15.12;High
Allflame;2026-09-24;Grand Eldritch Ichor;Chaos Orb;5.21;High
Allflame;2026-09-24;Greater Eldritch Ember;Chaos Orb;0.4197;High
Allflame;2026-09-24;Greater Eldritch Ichor;Chaos Orb;1.15;High
Allflame;2026-09-24;Instilling Orb;Chaos Orb;0.1786;High
Allflame;2026-09-24;Lesser Eldritch Ember;Chaos Orb;0.1362;High
Allflame;2026-09-24;Lesser Eldritch Ichor;Chaos Orb;0.08215;High
Allflame;2026-09-24;Maven's Chisel of Avarice;Chaos Orb;222.9;High
Allflame;2026-09-24;Maven's Chisel of Scarabs;Chaos Orb;60.86;High
Allflame;2026-09-24;Orb of Binding;Chaos Orb;0.02838;High
Allflame;2026-09-24;Orb of Intention;Chaos Orb;2;High
Allflame;2026-09-24;Orb of Remembrance;Chaos Orb;126.7;High
Allflame;2026-09-24;Orb of Unmaking;Chaos Orb;0.2059;High
Allflame;2026-09-24;Orb of Unravelling;Chaos Orb;25.12;High
Allflame;2026-09-24;Primal Crystallised Lifeforce;Chaos Orb;0.06912;High
Allflame;2026-09-24;Redeemer's Exalted Orb;Chaos Orb;162.9;High
Allflame;2026-09-24;Orb of Regret;Chaos Orb;1.57;High
Allflame;2026-09-24;Sacred Crystallised Lifeforce;Chaos Orb;51.01;High
Allflame;2026-09-24;Crystallised Rancour;Chaos Orb;476.7;High
Allflame;2026-09-24;Armourer's Scrap;Chaos Orb;0.07893;High
Allflame;2026-09-24;Shaper's Exalted Orb;Chaos Orb;161.1;High
Allflame;2026-09-24;Tainted Blacksmith's Whetstone;Chaos Orb;6.86;High
Allflame;2026-09-24;Tainted Exalted Orb;Chaos Orb;495;High
Allflame;2026-09-24;Tainted Orb of Fusing;Chaos Orb;20.82;High
Allflame;2026-09-24;Veiled Exalted Orb;Chaos Orb;4889;High
Allflame;2026-09-24;Wild Crystallised Lifeforce;Chaos Orb;0.02465;High
Allflame;2026-09-24;Crusader's Exalted Orb;Chaos Orb;162.7;High
Allflame;2026-09-24;Hinekora's Lock;Chaos Orb;99691;High
Allflame;2026-09-24;Exceptional Eldritch Ember;Chaos Orb;252.4;High
Allflame;2026-09-24;Flesh of Xesht;Chaos Orb;82.83;High
Allflame;2026-09-24;Foulborn Exalted Orb;Chaos Orb;2053;High
Allflame;2026-09-24;Foulborn Orb of Augmentation;Chaos Orb;1.52;High
Allflame;2026-09-24;Foulborn Regal Orb;Chaos Orb;11.17;High
Allflame;2026-09-24;Hunter's Exalted Orb;Chaos Orb;700;High
Allflame;2026-09-24;Maven's Chisel of Divination;Chaos Orb;30.43;High
Allflame;2026-09-24;Maven's Chisel of Procurement;Chaos Orb;3.84;High
Allflame;2026-09-24;Maven's Chisel of Proliferation;Chaos Orb;43.29;High
Allflame;2026-09-24;Orb of Dominance;Chaos Orb;1674;High
Allflame;2026-09-24;Mirror of Kalandra;Chaos Orb;394828;High
Allflame;2026-09-24;Mirror Shard;Chaos Orb;20123;High
Allflame;2026-09-24;Noxious Catalyst;Chaos Orb;1.73;High
Allflame;2026-09-24;Portal Scroll;Chaos Orb;0.03297;High
Allflame;2026-09-24;Prismatic Catalyst;Chaos Orb;87.36;High
Allflame;2026-09-24;Rogue's Marker;Chaos Orb;0.001175;High
Allflame;2026-09-24;Sacred Orb;Chaos Orb;76.75;High
Allflame;2026-09-24;Tailoring Orb;Chaos Orb;643.4;High
Allflame;2026-09-24;Tainted Armourer's Scrap;Chaos Orb;2.93;High
Allflame;2026-09-24;Tainted Chaos Orb;Chaos Orb;17;High
Allflame;2026-09-24;Tainted Chromatic Orb;Chaos Orb;6.47;High
Allflame;2026-09-24;Volatile Vaal Orb;Chaos Orb;1302;High
Allflame;2026-09-24;Tainted Divine Teardrop;Chaos Orb;1699;High
Allflame;2026-09-24;Tainted Jeweller's Orb;Chaos Orb;3.61;High
Allflame;2026-09-24;Tainted Mythic Orb;Chaos Orb;11.93;High
Allflame;2026-09-24;Tempering Orb;Chaos Orb;556.9;High
Allflame;2026-09-24;Vaal Orb;Chaos Orb;0.7502;High
Allflame;2026-09-24;Veiled Chaos Orb;Chaos Orb;81.45;High
Allflame;2026-09-24;Warlord's Exalted Orb;Chaos Orb;524.6;High
Allflame;2026-09-24;Blacksmith's Whetstone;Chaos Orb;0.06369;High
Allflame;2026-09-24;Scroll of Wisdom;Chaos Orb;0.01306;High
Allflame;2026-09-24;Awakening Fragment;Chaos Orb;7.8;High
Allflame;2026-09-24;Baran's Crest;Chaos Orb;6.99;High
Allflame;2026-09-24;Al-Hezmin's Crest;Chaos Orb;7.91;High
Allflame;2026-09-24;Blazing Fragment;Chaos Orb;70.88;High
Allflame;2026-09-24;Fragment of the Chimera;Chaos Orb;5.28;High
Allflame;2026-09-24;Cosmic Fragment;Chaos Orb;206.6;High
Allflame;2026-09-24;Crescent Splinter;Chaos Orb;3.07;High
Allflame;2026-09-24;Decaying Fragment;Chaos Orb;111.4;High
Allflame;2026-09-24;Drox's Crest;Chaos Orb;9.02;High
Allflame;2026-09-24;Echo of Loneliness;Chaos Orb;129.2;High
Allflame;2026-09-24;Fragment of Constriction;Chaos Orb;11.36;High
Allflame;2026-09-24;Fragment of Emptiness;Chaos Orb;39.58;High
Allflame;2026-09-24;Fragment of Enslavement;Chaos Orb;11.12;High
Allflame;2026-09-24;Fragment of Eradication;Chaos Orb;13.69;High
Allflame;2026-09-24;Fragment of Knowledge;Chaos Orb;117;High
Allflame;2026-09-24;Fragment of Purification;Chaos Orb;10.72;High
Allflame;2026-09-24;Fragment of Shape;Chaos Orb;75.79;High
Allflame;2026-09-24;Mortal Grief;Chaos Orb;12.87;High
Allflame;2026-09-24;Hivebrain Gland;Chaos Orb;7.93;High
Allflame;2026-09-24;Fragment of the Hydra;Chaos Orb;4.68;High
Allflame;2026-09-24;Mortal Ignorance;Chaos Orb;14.42;High
Allflame;2026-09-24;Memory of Loneliness;Chaos Orb;6.36;High
Allflame;2026-09-24;Sacrifice at Midnight;Chaos Orb;3.05;High
Allflame;2026-09-24;Dedication to the Goddess;Chaos Orb;32.15;High
Allflame;2026-09-24;Ritual Vessel;Chaos Orb;1.93;High
Allflame;2026-09-24;Sacred Blossom;Chaos Orb;45.4;High
Allflame;2026-09-24;The Maven's Writ;Chaos Orb;13.19;High
Allflame;2026-09-24;Timeless Karui Splinter;Chaos Orb;0.5;High
Allflame;2026-09-24;Timeless Maraketh Emblem;Chaos Orb;31.24;High
Allflame;2026-09-24;Timeless Maraketh Splinter;Chaos Orb;0.5303;High
Allflame;2026-09-24;Timeless Templar Emblem;Chaos Orb;30.06;High
Allflame;2026-09-24;Timeless Templar Splinter;Chaos Orb;0.3239;High
Allflame;2026-09-24;Traumatic Fragment;Chaos Orb;65.78;High
Allflame;2026-09-24;Devouring Fragment;Chaos Orb;178.6;High
Allflame;2026-09-24;Echo of Reverence;Chaos Orb;234.6;High
Allflame;2026-09-24;Echo of Trauma;Chaos Orb;438.2;High
Allflame;2026-09-24;Fragment of Terror;Chaos Orb;39.79;High
Allflame;2026-09-24;Mortal Hope;Chaos Orb;20.68;High
Allflame;2026-09-24;Lonely Fragment;Chaos Orb;104.4;High
Allflame;2026-09-24;Memory of Reverence;Chaos Orb;11.4;High
Allflame;2026-09-24;Memory of Trauma;Chaos Orb;75.05;High
Allflame;2026-09-24;Fragment of the Minotaur;Chaos Orb;7.12;High
Allflame;2026-09-24;Tribute to the Goddess;Chaos Orb;5.53;High
Allflame;2026-09-24;Fragment of the Phoenix;Chaos Orb;4.72;High
Allflame;2026-09-24;Mortal Rage;Chaos Orb;8.89;High
Allflame;2026-09-24;Reality Fragment;Chaos Orb;210.1;High
Allflame;2026-09-24;Reverent Fragment;Chaos Orb;153;High
Allflame;2026-09-24;Synthesising Fragment;Chaos Orb;10.89;High
Allflame;2026-09-24;Timeless Eternal Emblem;Chaos Orb;3.67;High
Allflame;2026-09-24;Timeless Karui Emblem;Chaos Orb;6.03;High
Allflame;2026-09-24;Timeless Vaal Emblem;Chaos Orb;5.48;High
Allflame;2026-09-24;Veritania's Crest;Chaos Orb;8.24;High
Allflame;2026-09-25;Reflecting Mist;Chaos Orb;1785;High
Allflame;2026-09-25;Orb of Conflict;Chaos Orb;452;High
Allflame;2026-09-25;Fracturing Orb;Chaos Orb;445.3;High
Allflame;2026-09-25;Divine Orb;Chaos Orb;364.7;High
Allflame;2026-09-25;Tempering Catalyst;Chaos Orb;6.33;High
Allflame;2026-09-25;Accelerating Catalyst;Chaos Orb;2.81;High
Allflame;2026-09-25;Fertile Catalyst;Chaos Orb;32.49;High
Allflame;2026-09-25;Tainted Catalyst;Chaos Orb;13.21;High
Allflame;2026-09-25;Orb of Annulment;Chaos Orb;11.6;High
Allflame;2026-09-25;Unstable Catalyst;Chaos Orb;8.85;High
Allflame;2026-09-25;Chromatic Orb;Chaos Orb;4.27;High
Allflame;2026-09-25;Abrasive Catalyst;Chaos Orb;1.54;High
Allflame;2026-09-25;Gemcutter's Prism;Chaos Orb;1.58;High
Allflame;2026-09-25;Intrinsic Catalyst;Chaos Orb;2.98;High
Allflame;2026-09-25;Scrying Orb;Chaos Orb;2;High
Allflame;2026-09-25;Turbulent Catalyst;Chaos Orb;1.9;High
Allflame;2026-09-25;Orb of Scouring;Chaos Orb;0.8551;High
Allflame;2026-09-25;Imbued Catalyst;Chaos Orb;1.93;High
Allflame;2026-09-25;Orb of Fusing;Chaos Orb;0.0997;High
Allflame;2026-09-25;Orb of Alchemy;Chaos Orb;0.02479;High
Allflame;2026-09-25;Orb of Alteration;Chaos Orb;0.1685;High
Allflame;2026-09-25;Vivid Crystallised Lifeforce;Chaos Orb;0.1396;High
Allflame;2026-09-25;Jeweller's Orb;Chaos Orb;0.0126;High
Allflame;2026-09-25;Traumatic Reliquary Key;Chaos Orb;1800;High
Allflame;2026-09-25;Syndicate Medallion;Chaos Orb;1588;High
Allflame;2026-09-25;Archive Reliquary Key;Chaos Orb;1412;High
Allflame;2026-09-25;Shiny Reliquary Key;Chaos Orb;706;High
Allflame;2026-09-25;Oubliette Reliquary Key;Chaos Orb;353;High
Allflame;2026-09-25;Valdo's Puzzle Box;Chaos Orb;353;High
Allflame;2026-09-25;Simulacrum;Chaos Orb;276;High
Allflame;2026-09-25;Zorath's Eye of the Endless;Chaos Orb;200;High
Allflame;2026-09-25;Voidborn Reliquary Key;Chaos Orb;60;High
Allflame;2026-09-25;Gift to the Goddess;Chaos Orb;42;High
Allflame;2026-09-25;An Audience With The King;Chaos Orb;28;High
Allflame;2026-09-25;Message in a Bottle;Chaos Orb;11;High
Allflame;2026-09-25;Zorath's Eye of Malevolence;Chaos Orb;8;High
Allflame;2026-09-25;Zorath's Eye of Authority;Chaos Orb;3.8;High
Allflame;2026-09-25;Simulacrum Splinter;Chaos Orb;2;High
Allflame;2026-09-25;Sacrifice at Noon;Chaos Orb;1.48;High
Allflame;2026-09-25;Sacrifice at Dawn;Chaos Orb;1;High
Allflame;2026-09-25;Offering to the Goddess;Chaos Orb;1;High
Allflame;2026-09-25;Divine Vessel;Chaos Orb;1;High
Allflame;2026-09-25;Sacrifice at Dusk;Chaos Orb;0.91;High
Allflame;2026-09-25;Blessed Orb;Chaos Orb;0.1207;High
Allflame;2026-09-25;Ancient Orb;Chaos Orb;8.82;High
Allflame;2026-09-25;Orb of Augmentation;Chaos Orb;0.04423;High
Allflame;2026-09-25;Awakener's Orb;Chaos Orb;937.1;High
Allflame;2026-09-25;Glassblower's Bauble;Chaos Orb;0.4298;High
Allflame;2026-09-25;Orb of Chance;Chaos Orb;0.1259;High
Allflame;2026-09-25;Dead Man's Sulphur;Chaos Orb;0.01029;High
Allflame;2026-09-25;Elder's Exalted Orb;Chaos Orb;90.1;High
Allflame;2026-09-25;Eldritch Chaos Orb;Chaos Orb;32.95;High
Allflame;2026-09-25;Eldritch Exalted Orb;Chaos Orb;2.94;High
Allflame;2026-09-25;Eldritch Orb of Annulment;Chaos Orb;33.26;High
Allflame;2026-09-25;Enkindling Orb;Chaos Orb;1.63;High
Allflame;2026-09-25;Exalted Orb;Chaos Orb;2.48;High
Allflame;2026-09-25;Exceptional Eldritch Ichor;Chaos Orb;253.1;High
Allflame;2026-09-25;Fracturing Shard;Chaos Orb;16;High
Allflame;2026-09-25;Grand Eldritch Ember;Chaos Orb;14;High
Allflame;2026-09-25;Grand Eldritch Ichor;Chaos Orb;4.38;High
Allflame;2026-09-25;Greater Eldritch Ember;Chaos Orb;0.8788;High
Allflame;2026-09-25;Greater Eldritch Ichor;Chaos Orb;0.33;High
Allflame;2026-09-25;Instilling Orb;Chaos Orb;0.1698;High
Allflame;2026-09-25;Lesser Eldritch Ember;Chaos Orb;0.1536;High
Allflame;2026-09-25;Lesser Eldritch Ichor;Chaos Orb;0.07924;High
Allflame;2026-09-25;Maven's Chisel of Avarice;Chaos Orb;164;High
Allflame;2026-09-25;Maven's Chisel of Scarabs;Chaos Orb;68.77;High
Allflame;2026-09-25;Orb of Binding;Chaos Orb;0.02766;High
Allflame;2026-09-25;Orb of Intention;Chaos Orb;1.2;High
Allflame;2026-09-25;Orb of Remembrance;Chaos Orb;128.9;High
Allflame;2026-09-25;Orb of Unmaking;Chaos Orb;0.5178;High
Allflame;2026-09-25;Orb of Unravelling;Chaos Orb;29.34;High
Allflame;2026-09-25;Primal Crystallised Lifeforce;Chaos Orb;0.07024;High
Allflame;2026-09-25;Redeemer's Exalted Orb;Chaos Orb;208.4;High
Allflame;2026-09-25;Regal Orb;Chaos Orb;0.1094;High
Allflame;2026-09-25;Orb of Regret;Chaos Orb;1.43;High
Allflame;2026-09-25;Sacred Crystallised Lifeforce;Chaos Orb;85.82;High
Allflame;2026-09-25;Crystallised Rancour;Chaos Orb;324.6;High
Allflame;2026-09-25;Armourer's Scrap;Chaos Orb;0.03848;High
Allflame;2026-09-25;Shaper's Exalted Orb;Chaos Orb;160.2;High
Allflame;2026-09-25;Tainted Blacksmith's Whetstone;Chaos Orb;4.12;High
Allflame;2026-09-25;Tainted Exalted Orb;Chaos Orb;641.9;High
Allflame;2026-09-25;Tainted Orb of Fusing;Chaos Orb;20;High
Allflame;2026-09-25;Wild Crystallised Lifeforce;Chaos Orb;0.02594;High
Allflame;2026-09-25;Crusader's Exalted Orb;Chaos Orb;157.4;High
Allflame;2026-09-25;Hinekora's Lock;Chaos Orb;97017;High
Allflame;2026-09-25;Veiled Exalted Orb;Chaos Orb;4946;High
Allflame;2026-09-25;Exceptional Eldritch Ember;Chaos Orb;236.6;High
Allflame;2026-09-25;Flesh of Xesht;Chaos Orb;82.06;High
Allflame;2026-09-25;Foulborn Exalted Orb;Chaos Orb;1909;High
Allflame;2026-09-25;Foulborn Orb of Augmentation;Chaos Orb;1.71;High
Allflame;2026-09-25;Foulborn Regal Orb;Chaos Orb;14.96;High
Allflame;2026-09-25;Hunter's Exalted Orb;Chaos Orb;572.3;High
Allflame;2026-09-25;Maven's Chisel of Divination;Chaos Orb;28.33;High
Allflame;2026-09-25;Maven's Chisel of Procurement;Chaos Orb;3.71;High
Allflame;2026-09-25;Maven's Chisel of Proliferation;Chaos Orb;49.26;High
Allflame;2026-09-25;Orb of Dominance;Chaos Orb;1585;High
Allflame;2026-09-25;Mirror of Kalandra;Chaos Orb;412686;High
Allflame;2026-09-25;Mirror Shard;Chaos Orb;20517;High
Allflame;2026-09-25;Noxious Catalyst;Chaos Orb;1.73;High
Allflame;2026-09-25;Portal Scroll;Chaos Orb;0.02863;High
Allflame;2026-09-25;Prismatic Catalyst;Chaos Orb;78.67;High
Allflame;2026-09-25;Rogue's Marker;Chaos Orb;0.001034;High
Allflame;2026-09-25;Sacred Orb;Chaos Orb;60.91;High
Allflame;2026-09-25;Stacked Deck;Chaos Orb;6.79;High
Allflame;2026-09-25;Tailoring Orb;Chaos Orb;675.9;High
Allflame;2026-09-25;Tainted Armourer's Scrap;Chaos Orb;1.34;High
Allflame;2026-09-25;Tainted Chaos Orb;Chaos Orb;36.47;High
Allflame;2026-09-25;Tainted Chromatic Orb;Chaos Orb;7.99;High
Allflame;2026-09-25;Volatile Vaal Orb;Chaos Orb;1269;High
Allflame;2026-09-25;Tainted Divine Teardrop;Chaos Orb;2553;High
Allflame;2026-09-25;Tainted Jeweller's Orb;Chaos Orb;2.12;High
Allflame;2026-09-25;Tainted Mythic Orb;Chaos Orb;15.82;High
Allflame;2026-09-25;Tempering Orb;Chaos Orb;603.1;High
Allflame;2026-09-25;Orb of Transmutation;Chaos Orb;0.007526;High
Allflame;2026-09-25;Vaal Orb;Chaos Orb;0.9083;High
Allflame;2026-09-25;Veiled Chaos Orb;Chaos Orb;86.1;High
Allflame;2026-09-25;Warlord's Exalted Orb;Chaos Orb;534.6;High
Allflame;2026-09-25;Blacksmith's Whetstone;Chaos Orb;0.04798;High
Allflame;2026-09-25;Scroll of Wisdom;Chaos Orb;0.0134;High
Allflame;2026-09-25;Awakening Fragment;Chaos Orb;8.66;High
Allflame;2026-09-25;Baran's Crest;Chaos Orb;8.67;High
Allflame;2026-09-25;Al-Hezmin's Crest;Chaos Orb;5.65;High
Allflame;2026-09-25;Blazing Fragment;Chaos Orb;69.61;High
Allflame;2026-09-25;Fragment of the Chimera;Chaos Orb;7.6;High
Allflame;2026-09-25;Cosmic Fragment;Chaos Orb;199.5;High
Allflame;2026-09-25;Crescent Splinter;Chaos Orb;6.26;High
Allflame;2026-09-25;Decaying Fragment;Chaos Orb;114.7;High
Allflame;2026-09-25;Drox's Crest;Chaos Orb;11.69;High
Allflame;2026-09-25;Echo of Loneliness;Chaos Orb;147;High
Allflame;2026-09-25;Fragment of Constriction;Chaos Orb;13.35;High
Allflame;2026-09-25;Fragment of Emptiness;Chaos Orb;39.31;High
Allflame;2026-09-25;Fragment of Enslavement;Chaos Orb;15.71;High
Allflame;2026-09-25;Fragment of Eradication;Chaos Orb;15.72;High
Allflame;2026-09-25;Fragment of Knowledge;Chaos Orb;119.4;High
Allflame;2026-09-25;Fragment of Purification;Chaos Orb;17.01;High
Allflame;2026-09-25;Fragment of Shape;Chaos Orb;87.67;High
Allflame;2026-09-25;Mortal Grief;Chaos Orb;5.38;High
Allflame;2026-09-25;Hivebrain Gland;Chaos Orb;10.44;High
Allflame;2026-09-25;Fragment of the Hydra;Chaos Orb;8.23;High
Allflame;2026-09-25;Mortal Ignorance;Chaos Orb;11.29;High
Allflame;2026-09-25;Memory of Loneliness;Chaos Orb;2.93;High
Allflame;2026-09-25;Sacrifice at Midnight;Chaos Orb;3;High
Allflame;2026-09-25;Dedication to the Goddess;Chaos Orb;27.58;High
Allflame;2026-09-25;Ritual Vessel;Chaos Orb;1.71;High
Allflame;2026-09-25;Sacred Blossom;Chaos Orb;45.43;High
Allflame;2026-09-25;The Maven's Writ;Chaos Orb;20.62;High
Allflame;2026-09-25;Timeless Maraketh Emblem;Chaos Orb;19.93;High
Allflame;2026-09-25;Timeless Maraketh Splinter;Chaos Orb;0.8613;High
Allflame;2026-09-25;Timeless Templar Emblem;Chaos Orb;19;High
Allflame;2026-09-25;Timeless Templar Splinter;Chaos Orb;0.02041;High
Allflame;2026-09-25;Traumatic Fragment;Chaos Orb;67.37;High
Allflame;2026-09-25;Devouring Fragment;Chaos Orb;177.6;High
Allflame;2026-09-25;Echo of Reverence;Chaos Orb;279.1;High
Allflame;2026-09-25;Echo of Trauma;Chaos Orb;505.3;High
Allflame;2026-09-25;Fragment of Terror;Chaos Orb;38.17;High
Allflame;2026-09-25;Mortal Hope;Chaos Orb;13.05;High
Allflame;2026-09-25;Lonely Fragment;Chaos Orb;55.24;High
Allflame;2026-09-25;Memory of Reverence;Chaos Orb;15.89;High
Allflame;2026-09-25;Memory of Trauma;Chaos Orb;80.5;High
Allflame;2026-09-25;Fragment of the Minotaur;Chaos Orb;8.81;High
Allflame;2026-09-25;Tribute to the Goddess;Chaos Orb;3.64;High
Allflame;2026-09-25;Fragment of the Phoenix;Chaos Orb;9.12;High
Allflame;2026-09-25;Mortal Rage;Chaos Orb;7.23;High
Allflame;2026-09-25;Reality Fragment;Chaos Orb;207.5;High
Allflame;2026-09-25;Reverent Fragment;Chaos Orb;146.4;High
Allflame;2026-09-25;Synthesising Fragment;Chaos Orb;12.81;High
Allflame;2026-09-25;Timeless Eternal Emblem;Chaos Orb;4.36;High
Allflame;2026-09-25;Timeless Karui Emblem;Chaos Orb;9.01;High
Allflame;2026-09-25;Timeless Vaal Emblem;Chaos Orb;3.05;High
Allflame;2026-09-25;Veritania's Crest;Chaos Orb;11.76;High
Allflame;2026-09-25;Zorath's Eye of the Inevitable;Chaos Orb;2064;High
Allflame;2026-09-26;Broken Mirror of Kalandra;Chaos Orb;39077;High
Allflame;2026-09-26;Reflecting Mist;Chaos Orb;2028;High
Allflame;2026-09-26;Orb of Conflict;Chaos Orb;431.4;High
Allflame;2026-09-26;Fracturing Orb;Chaos Orb;466;High
Allflame;2026-09-26;Divine Orb;Chaos Orb;373;High
Allflame;2026-09-26;Fertile Catalyst;Chaos Orb;24.81;High
Allflame;2026-09-26;Tempering Catalyst;Chaos Orb;7.23;High
Allflame;2026-09-26;Accelerating Catalyst;Chaos Orb;2.15;High
Allflame;2026-09-26;Ancient Orb;Chaos Orb;9.72;High
Allflame;2026-09-26;Imbued Catalyst;Chaos Orb;1.76;High
Allflame;2026-09-26;Unstable Catalyst;Chaos Orb;10.3;High
Allflame;2026-09-26;Chromatic Orb;Chaos Orb;3.66;High
Allflame;2026-09-26;Gemcutter's Prism;Chaos Orb;1.9;High
Allflame;2026-09-26;Stacked Deck;Chaos Orb;6.88;High
Allflame;2026-09-26;Abrasive Catalyst;Chaos Orb;1.56;High
Allflame;2026-09-26;Intrinsic Catalyst;Chaos Orb;2.08;High
Allflame;2026-09-26;Scrying Orb;Chaos Orb;2;High
Allflame;2026-09-26;Turbulent Catalyst;Chaos Orb;1.95;High
Allflame;2026-09-26;Orb of Scouring;Chaos Orb;0.8211;High
Allflame;2026-09-26;Orb of Fusing;Chaos Orb;0.1068;High
Allflame;2026-09-26;Orb of Alteration;Chaos Orb;0.222;High
Allflame;2026-09-26;Vivid Crystallised Lifeforce;Chaos Orb;0.1436;High
Allflame;2026-09-26;Jeweller's Orb;Chaos Orb;0.04951;High
Allflame;2026-09-26;Traumatic Reliquary Key;Chaos Orb;1699;High
Allflame;2026-09-26;Syndicate Medallion;Chaos Orb;1529;High
Allflame;2026-09-26;Archive Reliquary Key;Chaos Orb;1359;High
Allflame;2026-09-26;Shiny Reliquary Key;Chaos Orb;679.6;High
Allflame;2026-09-26;Oubliette Reliquary Key;Chaos Orb;339.8;High
Allflame;2026-09-26;Valdo's Puzzle Box;Chaos Orb;339.8;High
Allflame;2026-09-26;Simulacrum;Chaos Orb;139.2;High
Allflame;2026-09-26;Voidborn Reliquary Key;Chaos Orb;58;High
Allflame;2026-09-26;An Audience With The King;Chaos Orb;24;High
Allflame;2026-09-26;Timeless Templar Splinter;Chaos Orb;20;High
Allflame;2026-09-26;Zorath's Eye of Malevolence;Chaos Orb;17.5;High
Allflame;2026-09-26;Message in a Bottle;Chaos Orb;11;High
Allflame;2026-09-26;Crescent Splinter;Chaos Orb;5;High
Allflame;2026-09-26;Zorath's Eye of Authority;Chaos Orb;3.7;High
Allflame;2026-09-26;Sacrifice at Noon;Chaos Orb;2.01;High
Allflame;2026-09-26;Simulacrum Splinter;Chaos Orb;2;High
Allflame;2026-09-26;Sacrifice at Dawn;Chaos Orb;1;High
Allflame;2026-09-26;Offering to the Goddess;Chaos Orb;1;High
Allflame;2026-09-26;Divine Vessel;Chaos Orb;1;High
Allflame;2026-09-26;Sacrifice at Dusk;Chaos Orb;0.91;High
Allflame;2026-09-26;Blessed Orb;Chaos Orb;0.121;High
Allflame;2026-09-26;Orb of Alchemy;Chaos Orb;0.01771;High
Allflame;2026-09-26;Orb of Annulment;Chaos Orb;12.19;High
Allflame;2026-09-26;Orb of Augmentation;Chaos Orb;0.04766;High
Allflame;2026-09-26;Awakener's Orb;Chaos Orb;988.4;High
Allflame;2026-09-26;Glassblower's Bauble;Chaos Orb;0.2084;High
Allflame;2026-09-26;Orb of Chance;Chaos Orb;0.2804;High
Allflame;2026-09-26;Dead Man's Sulphur;Chaos Orb;0.01067;High
Allflame;2026-09-26;Elder's Exalted Orb;Chaos Orb;131.8;High
Allflame;2026-09-26;Eldritch Chaos Orb;Chaos Orb;33.09;High
Allflame;2026-09-26;Eldritch Exalted Orb;Chaos Orb;3.2;High
Allflame;2026-09-26;Eldritch Orb of Annulment;Chaos Orb;47.9;High
Allflame;2026-09-26;Enkindling Orb;Chaos Orb;1.51;High
Allflame;2026-09-26;Exalted Orb;Chaos Orb;2.33;High
Allflame;2026-09-26;Exceptional Eldritch Ichor;Chaos Orb;207.8;High
Allflame;2026-09-26;Fracturing Shard;Chaos Orb;14.3;High
Allflame;2026-09-26;Grand Eldritch Ember;Chaos Orb;13.72;High
Allflame;2026-09-26;Grand Eldritch Ichor;Chaos Orb;4.8;High
Allflame;2026-09-26;Greater Eldritch Ember;Chaos Orb;0.8213;High
Allflame;2026-09-26;Greater Eldritch Ichor;Chaos Orb;0.527;High
Allflame;2026-09-26;Instilling Orb;Chaos Orb;0.2486;High
Allflame;2026-09-26;Lesser Eldritch Ember;Chaos Orb;0.1505;High
Allflame;2026-09-26;Lesser Eldritch Ichor;Chaos Orb;0.06789;High
Allflame;2026-09-26;Maven's Chisel of Avarice;Chaos Orb;194.4;High
Allflame;2026-09-26;Maven's Chisel of Scarabs;Chaos Orb;71.61;High
Allflame;2026-09-26;Orb of Binding;Chaos Orb;0.009091;High
Allflame;2026-09-26;Orb of Intention;Chaos Orb;1.17;High
Allflame;2026-09-26;Orb of Remembrance;Chaos Orb;112.9;High
Allflame;2026-09-26;Orb of Unmaking;Chaos Orb;0.2503;High
Allflame;2026-09-26;Orb of Unravelling;Chaos Orb;23.76;High
Allflame;2026-09-26;Primal Crystallised Lifeforce;Chaos Orb;0.05384;High
Allflame;2026-09-26;Redeemer's Exalted Orb;Chaos Orb;254.3;High
Allflame;2026-09-26;Regal Orb;Chaos Orb;0.08824;High
Allflame;2026-09-26;Orb of Regret;Chaos Orb;1.53;High
Allflame;2026-09-26;Sacred Crystallised Lifeforce;Chaos Orb;51.76;High
Allflame;2026-09-26;Crystallised Rancour;Chaos Orb;301.9;High
Allflame;2026-09-26;Armourer's Scrap;Chaos Orb;0.1477;High
Allflame;2026-09-26;Shaper's Exalted Orb;Chaos Orb;159.1;High
Allflame;2026-09-26;Tainted Blacksmith's Whetstone;Chaos Orb;1.62;High
Allflame;2026-09-26;Tainted Exalted Orb;Chaos Orb;691.3;High
Allflame;2026-09-26;Tainted Orb of Fusing;Chaos Orb;20.69;High
Allflame;2026-09-26;Veiled Exalted Orb;Chaos Orb;4917;High
Allflame;2026-09-26;Wild Crystallised Lifeforce;Chaos Orb;0.02411;High
Allflame;2026-09-26;Crusader's Exalted Orb;Chaos Orb;146.3;High
Allflame;2026-09-26;Hinekora's Lock;Chaos Orb;98944;High
Allflame;2026-09-26;Exceptional Eldritch Ember;Chaos Orb;220.6;High
Allflame;2026-09-26;Flesh of Xesht;Chaos Orb;79.38;High
Allflame;2026-09-26;Foulborn Exalted Orb;Chaos Orb;1991;High
Allflame;2026-09-26;Foulborn Orb of Augmentation;Chaos Orb;1.88;High
Allflame;2026-09-26;Foulborn Regal Orb;Chaos Orb;12.12;High
Allflame;2026-09-26;Hunter's Exalted Orb;Chaos Orb;583.7;High
Allflame;2026-09-26;Maven's Chisel of Divination;Chaos Orb;23.06;High
Allflame;2026-09-26;Maven's Chisel of Procurement;Chaos Orb;4.33;High
Allflame;2026-09-26;Maven's Chisel of Proliferation;Chaos Orb;54.46;High
Allflame;2026-09-26;Orb of Dominance;Chaos Orb;1627;High
Allflame;2026-09-26;Mirror of Kalandra;Chaos Orb;414337;High
Allflame;2026-09-26;Mirror Shard;Chaos Orb;21069;High
Allflame;2026-09-26;Noxious Catalyst;Chaos Orb;1.87;High
Allflame;2026-09-26;Portal Scroll;Chaos Orb;0.02982;High
Allflame;2026-09-26;Prismatic Catalyst;Chaos Orb;72.19;High
Allflame;2026-09-26;Rogue's Marker;Chaos Orb;0.0006761;High
Allflame;2026-09-26;Sacred Orb;Chaos Orb;77.71;High
Allflame;2026-09-26;Tailoring Orb;Chaos Orb;994.6;High
Allflame;2026-09-26;Tainted Armourer's Scrap;Chaos Orb;3.85;High
Allflame;2026-09-26;Tainted Catalyst;Chaos Orb;16.47;High
Allflame;2026-09-26;Tainted Chaos Orb;Chaos Orb;17.75;High
Allflame;2026-09-26;Tainted Chromatic Orb;Chaos Orb;7.88;High
Allflame;2026-09-26;Volatile Vaal Orb;Chaos Orb;1384;High
Allflame;2026-09-26;Tainted Divine Teardrop;Chaos Orb;3664;High
Allflame;2026-09-26;Tainted Jeweller's Orb;Chaos Orb;2.18;High
Allflame;2026-09-26;Tainted Mythic Orb;Chaos Orb;18.67;High
Allflame;2026-09-26;Tempering Orb;Chaos Orb;590.4;High
Allflame;2026-09-26;Orb of Transmutation;Chaos Orb;0.007328;High
Allflame;2026-09-26;Vaal Orb;Chaos Orb;0.6693;High
Allflame;2026-09-26;Veiled Chaos Orb;Chaos Orb;71.8;High
Allflame;2026-09-26;Warlord's Exalted Orb;Chaos Orb;516.8;High
Allflame;2026-09-26;Blacksmith's Whetstone;Chaos Orb;0.03545;High
Allflame;2026-09-26;Scroll of Wisdom;Chaos Orb;0.01375;High
Allflame;2026-09-26;Awakening Fragment;Chaos Orb;10.67;High
Allflame;2026-09-26;Baran's Crest;Chaos Orb;8.74;High
Allflame;2026-09-26;Al-Hezmin's Crest;Chaos Orb;7.66;High
Allflame;2026-09-26;Blazing Fragment;Chaos Orb;72.1;High
Allflame;2026-09-26;Fragment of the Chimera;Chaos Orb;6.15;High
Allflame;2026-09-26;Cosmic Fragment;Chaos Orb;162;High
Allflame;2026-09-26;Decaying Fragment;Chaos Orb;123.2;High
Allflame;2026-09-26;Drox's Crest;Chaos Orb;8.91;High
Allflame;2026-09-26;Echo of Loneliness;Chaos Orb;129.5;High
Allflame;2026-09-26;Fragment of Constriction;Chaos Orb;17.6;High
Allflame;2026-09-26;Fragment of Emptiness;Chaos Orb;31.54;High
Allflame;2026-09-26;Fragment of Enslavement;Chaos Orb;15.28;High
Allflame;2026-09-26;Fragment of Eradication;Chaos Orb;15.87;High
Allflame;2026-09-26;Fragment of Knowledge;Chaos Orb;113.1;High
Allflame;2026-09-26;Fragment of Purification;Chaos Orb;17.5;High
Allflame;2026-09-26;Fragment of Shape;Chaos Orb;102.1;High
Allflame;2026-09-26;Mortal Grief;Chaos Orb;10.21;High
Allflame;2026-09-26;Hivebrain Gland;Chaos Orb;8.45;High
Allflame;2026-09-26;Fragment of the Hydra;Chaos Orb;6.05;High
Allflame;2026-09-26;Mortal Ignorance;Chaos Orb;11.32;High
Allflame;2026-09-26;Memory of Loneliness;Chaos Orb;5.2;High
Allflame;2026-09-26;Sacrifice at Midnight;Chaos Orb;3.08;High
Allflame;2026-09-26;Dedication to the Goddess;Chaos Orb;29.35;High
Allflame;2026-09-26;Ritual Vessel;Chaos Orb;2.53;High
Allflame;2026-09-26;Sacred Blossom;Chaos Orb;40.6;High
Allflame;2026-09-26;The Maven's Writ;Chaos Orb;12.38;High
Allflame;2026-09-26;Timeless Karui Splinter;Chaos Orb;0.5;High
Allflame;2026-09-26;Timeless Maraketh Emblem;Chaos Orb;13.65;High
Allflame;2026-09-26;Timeless Maraketh Splinter;Chaos Orb;0.02041;High
Allflame;2026-09-26;Timeless Templar Emblem;Chaos Orb;22.65;High
Allflame;2026-09-26;Traumatic Fragment;Chaos Orb;57.3;High
Allflame;2026-09-26;Zorath's Eye of the Endless;Chaos Orb;542.9;High
Allflame;2026-09-26;Devouring Fragment;Chaos Orb;255.1;High
Allflame;2026-09-26;Echo of Reverence;Chaos Orb;254.9;High
Allflame;2026-09-26;Echo of Trauma;Chaos Orb;443.3;High
Allflame;2026-09-26;Fragment of Terror;Chaos Orb;39.49;High
Allflame;2026-09-26;Mortal Hope;Chaos Orb;16.64;High
Allflame;2026-09-26;Lonely Fragment;Chaos Orb;61.21;High
Allflame;2026-09-26;Memory of Reverence;Chaos Orb;16.26;High
Allflame;2026-09-26;Memory of Trauma;Chaos Orb;72.45;High
Allflame;2026-09-26;Fragment of the Minotaur;Chaos Orb;5.97;High
Allflame;2026-09-26;Gift to the Goddess;Chaos Orb;123.5;High
Allflame;2026-09-26;Tribute to the Goddess;Chaos Orb;5.04;High
Allflame;2026-09-26;Fragment of the Phoenix;Chaos Orb;6.81;High
Allflame;2026-09-26;Mortal Rage;Chaos Orb;9.46;High
Allflame;2026-09-26;Reality Fragment;Chaos Orb;194.6;High
Allflame;2026-09-26;Reverent Fragment;Chaos Orb;158;High
Allflame;2026-09-26;Synthesising Fragment;Chaos Orb;11.68;High
Allflame;2026-09-26;Timeless Eternal Emblem;Chaos Orb;5.44;High
Allflame;2026-09-26;Timeless Karui Emblem;Chaos Orb;5.29;High
Allflame;2026-09-26;Timeless Vaal Emblem;Chaos Orb;5.25;High
Allflame;2026-09-26;Veritania's Crest;Chaos Orb;10.93;High
Allflame;2026-09-26;Zorath's Eye of the Inevitable;Chaos Orb;1826;High
Allflame;2026-09-26;Timeless Eternal Empire Splinter;Chaos Orb;0.3626;High
Allflame;2026-09-26;Timeless Vaal Splinter;Chaos Orb;1;High
