League;Date;Get;Pay;Value;Confidence
Allflame;2026-10-01;Reflecting Mist;Chaos Orb;2327;High
Allflame;2026-10-01;Fracturing Orb;Chaos Orb;404.1;High
Allflame;2026-10-01;Divine Orb;Chaos Orb;370.3;High
Allflame;2026-10-01;Tempering Catalyst;Chaos Orb;4.66;High
Allflame;2026-10-01;Orb of Annulment;Chaos Orb;11.42;High
Allflame;2026-10-01;Stacked Deck;Chaos Orb;6.19;High
Allflame;2026-10-01;Turbulent Catalyst;Chaos Orb;2.13;High
Allflame;2026-10-01;Chromatic Orb;Chaos Orb;3.26;High
Allflame;2026-10-01;Gemcutter's Prism;Chaos Orb;1.75;High
Allflame;2026-10-01;Imbued Catalyst;Chaos Orb;1.48;High
Allflame;2026-10-01;Noxious Catalyst;Chaos Orb;1.35;High
Allflame;2026-10-01;Scrying Orb;Chaos Orb;2;High
Allflame;2026-10-01;Orb of Scouring;Chaos Orb;0.7417;High
Allflame;2026-10-01;Intrinsic Catalyst;Chaos Orb;2.06;High
Allflame;2026-10-01;Orb of Fusing;Chaos Orb;0.1031;High
Allflame;2026-10-01;Orb of Alteration;Chaos Orb;0.1563;High
Allflame;2026-10-01;Vivid Crystallised Lifeforce;Chaos Orb;0.124;High
Allflame;2026-10-01;Primal Crystallised Lifeforce;Chaos Orb;0.05544;High
Allflame;2026-10-01;Jeweller's Orb;Chaos Orb;0.01177;High
Allflame;2026-10-01;Lonely Reliquary Key;Chaos Orb;5124;High
Allflame;2026-10-01;Syndicate Medallion;Chaos Orb;1647;High
Allflame;2026-10-01;Zorath's Eye of the Inevitable;Chaos Orb;649.2;High
Allflame;2026-10-01;Valdo's Puzzle Box;Chaos Orb;365.4;High
Allflame;2026-10-01;Voidborn Reliquary Key;Chaos Orb;322.8;High
Allflame;2026-10-01;Timeless Eternal Empire Splinter;Chaos Orb;50;High
Allflame;2026-10-01;Mortal Rage;Chaos Orb;13;High
Allflame;2026-10-01;Message in a Bottle;Chaos Orb;10.2;High
Allflame;2026-10-01;Zorath's Eye of Authority;Chaos Orb;5;High
Allflame;2026-10-01;Zorath's Eye of Malevolence;Chaos Orb;2.3;High
Allflame;2026-10-01;Sacrifice at Dusk;Chaos Orb;2;High
Allflame;2026-10-01;Offering to the Goddess;Chaos Orb;1.7;High
Allflame;2026-10-01;Divine Vessel;Chaos Orb;1.6;High
Allflame;2026-10-01;Simulacrum Splinter;Chaos Orb;1;High
Allflame;2026-10-01;Accelerating Catalyst;Chaos Orb;2.14;High
Allflame;2026-10-01;Blessed Orb;Chaos Orb;0.1879;High
Allflame;2026-10-01;Abrasive Catalyst;Chaos Orb;0.8425;High
Allflame;2026-10-01;Orb of Alchemy;Chaos Orb;0.01042;High
Allflame;2026-10-01;Ancient Orb;Chaos Orb;10.47;High
Allflame;2026-10-01;Orb of Augmentation;Chaos Orb;0.0538;High
Allflame;2026-10-01;Awakener's Orb;Chaos Orb;1088;High
Allflame;2026-10-01;Glassblower's Bauble;Chaos Orb;0.2165;High
Allflame;2026-10-01;Orb of Chance;Chaos Orb;0.1255;High
Allflame;2026-10-01;Dead Man's Sulphur;Chaos Orb;0.01215;High
Allflame;2026-10-01;Elder's Exalted Orb;Chaos Orb;130.3;High
Allflame;2026-10-01;Eldritch Chaos Orb;Chaos Orb;34.99;High
Allflame;2026-10-01;Eldritch Exalted Orb;Chaos Orb;3.07;High
Allflame;2026-10-01;Eldritch Orb of Annulment;Chaos Orb;28.44;High
Allflame;2026-10-01;Enkindling Orb;Chaos Orb;1.51;High
Allflame;2026-10-01;Exalted Orb;Chaos Orb;3.31;High
Allflame;2026-10-01;Exceptional Eldritch Ichor;Chaos Orb;219.1;High
Allflame;2026-10-01;Fertile Catalyst;Chaos Orb;33.48;High
Allflame;2026-10-01;Fracturing Shard;Chaos Orb;14.91;High
Allflame;2026-10-01;Grand Eldritch Ember;Chaos Orb;15.56;High
Allflame;2026-10-01;Grand Eldritch Ichor;Chaos Orb;4.13;High
Allflame;2026-10-01;Greater Eldritch Ember;Chaos Orb;0.6557;High
Allflame;2026-10-01;Greater Eldritch Ichor;Chaos Orb;0.6015;High
Allflame;2026-10-01;Instilling Orb;Chaos Orb;0.352;High
Allflame;2026-10-01;Lesser Eldritch Ember;Chaos Orb;0.2656;High
Allflame;2026-10-01;Lesser Eldritch Ichor;Chaos Orb;0.1335;High
Allflame;2026-10-01;Maven's Chisel of Avarice;Chaos Orb;241.9;High
Allflame;2026-10-01;Maven's Chisel of Scarabs;Chaos Orb;52.92;High
Allflame;2026-10-01;Orb of Conflict;Chaos Orb;447.2;High
Allflame;2026-10-01;Orb of Intention;Chaos Orb;3;High
Allflame;2026-10-01;Orb of Remembrance;Chaos Orb;119.2;High
Allflame;2026-10-01;Orb of Unmaking;Chaos Orb;0.1408;High
Allflame;2026-10-01;Orb of Unravelling;Chaos Orb;11.18;High
Allflame;2026-10-01;Redeemer's Exalted Orb;Chaos Orb;173.9;High
Allflame;2026-10-01;Regal Orb;Chaos Orb;0.0622;High
Allflame;2026-10-01;Orb of Regret;Chaos Orb;1.37;High
Allflame;2026-10-01;Sacred Crystallised Lifeforce;Chaos Orb;90.95;High
Allflame;2026-10-01;Crystallised Rancour;Chaos Orb;497.1;High
Allflame;2026-10-01;Armourer's Scrap;Chaos Orb;0.1639;High
Allflame;2026-10-01;Shaper's Exalted Orb;Chaos Orb;139.4;High
Allflame;2026-10-01;Tainted Blacksmith's Whetstone;Chaos Orb;9.11;High
Allflame;2026-10-01;Tainted Exalted Orb;Chaos Orb;368;High
Allflame;2026-10-01;Tainted Orb of Fusing;Chaos Orb;22.42;High
Allflame;2026-10-01;Veiled Exalted Orb;Chaos Orb;4493;High
Allflame;2026-10-01;Wild Crystallised Lifeforce;Chaos Orb;0.02565;High
Allflame;2026-10-01;Crusader's Exalted Orb;Chaos Orb;153.5;High
Allflame;2026-10-01;Hinekora's Lock;Chaos Orb;94618;High
Allflame;2026-10-01;Exceptional Eldritch Ember;Chaos Orb;314.4;High
Allflame;2026-10-01;Flesh of Xesht;Chaos Orb;78.15;High
Allflame;2026-10-01;Foulborn Exalted Orb;Chaos Orb;2051;High
Allflame;2026-10-01;Foulborn Orb of Augmentation;Chaos Orb;1.23;High
Allflame;2026-10-01;Foulborn Regal Orb;Chaos Orb;9.85;High
Allflame;2026-10-01;Hunter's Exalted Orb;Chaos Orb;857.5;High
Allflame;2026-10-01;Maven's Chisel of Divination;Chaos Orb;29.05;High
Allflame;2026-10-01;Maven's Chisel of Procurement;Chaos Orb;37.03;High
Allflame;2026-10-01;Maven's Chisel of Proliferation;Chaos Orb;91.03;High
Allflame;2026-10-01;Orb of Dominance;Chaos Orb;1301;High
Allflame;2026-10-01;Mirror of Kalandra;Chaos Orb;403752;High
Allflame;2026-10-01;Mirror Shard;Chaos Orb;20323;High
Allflame;2026-10-01;Portal Scroll;Chaos Orb;0.02286;High
Allflame;2026-10-01;Prismatic Catalyst;Chaos Orb;91.31;High
Allflame;2026-10-01;Rogue's Marker;Chaos Orb;0.0005117;High
Allflame;2026-10-01;Sacred Orb;Chaos Orb;62.34;High
Allflame;2026-10-01;Tailoring Orb;Chaos Orb;703.4;High
Allflame;2026-10-01;Tainted Armourer's Scrap;Chaos Orb;4.01;High
Allflame;2026-10-01;Tainted Catalyst;Chaos Orb;10.85;High
Allflame;2026-10-01;Tainted Chaos Orb;Chaos Orb;15.88;High
Allflame;2026-10-01;Tainted Chromatic Orb;Chaos Orb;4.9;High
Allflame;2026-10-01;Volatile Vaal Orb;Chaos Orb;1403;High
Allflame;2026-10-01;Tainted Divine Teardrop;Chaos Orb;3425;High
Allflame;2026-10-01;Tainted Jeweller's Orb;Chaos Orb;2.74;High
Allflame;2026-10-01;Tainted Mythic Orb;Chaos Orb;11.37;High
Allflame;2026-10-01;Tempering Orb;Chaos Orb;570.7;High
Allflame;2026-10-01;Orb of Transmutation;Chaos Orb;0.005436;High
Allflame;2026-10-01;Unstable Catalyst;Chaos Orb;6.42;High
Allflame;2026-10-01;Vaal Orb;Chaos Orb;0.5467;High
Allflame;2026-10-01;Veiled Chaos Orb;Chaos Orb;108.3;High
Allflame;2026-10-01;Warlord's Exalted Orb;Chaos Orb;496.3;High
Allflame;2026-10-01;Blacksmith's Whetstone;Chaos Orb;0.0673;High
Allflame;2026-10-01;Scroll of Wisdom;Chaos Orb;0.01578;High
Allflame;2026-10-01;Orb of Binding;Chaos Orb;0.02326;High
Allflame;2026-10-01;An Audience With The King;Chaos Orb;46.06;High
Allflame;2026-10-01;Awakening Fragment;Chaos Orb;8.87;High
Allflame;2026-10-01;Baran's Crest;Chaos Orb;8.07;High
Allflame;2026-10-01;Al-Hezmin's Crest;Chaos Orb;7.27;High
Allflame;2026-10-01;Blazing Fragment;Chaos Orb;74.21;High
Allflame;2026-10-01;Fragment of the Chimera;Chaos Orb;12.49;High
Allflame;2026-10-01;Cosmic Fragment;Chaos Orb;160.4;High
Allflame;2026-10-01;Crescent Splinter;Chaos Orb;8.24;High
Allflame;2026-10-01;Decaying Fragment;Chaos Orb;73.81;High
Allflame;2026-10-01;Drox's Crest;Chaos Orb;8.61;High
Allflame;2026-10-01;Echo of Loneliness;Chaos Orb;154.9;High
Allflame;2026-10-01;Fragment of Constriction;Chaos Orb;9.83;High
Allflame;2026-10-01;Fragment of Emptiness;Chaos Orb;49.89;High
Allflame;2026-10-01;Fragment of Enslavement;Chaos Orb;11.36;High
Allflame;2026-10-01;Fragment of Eradication;Chaos Orb;9.89;High
Allflame;2026-10-01;Fragment of Knowledge;Chaos Orb;103.3;High
Allflame;2026-10-01;Fragment of Purification;Chaos Orb;11.34;High
Allflame;2026-10-01;Fragment of Shape;Chaos Orb;92.61;High
Allflame;2026-10-01;Mortal Grief;Chaos Orb;20.8;High
Allflame;2026-10-01;Hivebrain Gland;Chaos Orb;6.75;High
Allflame;2026-10-01;Fragment of the Hydra;Chaos Orb;6.52;High
Allflame;2026-10-01;Mortal Ignorance;Chaos Orb;15.01;High
Allflame;2026-10-01;Memory of Loneliness;Chaos Orb;1.85;High
Allflame;2026-10-01;Sacrifice at Midnight;Chaos Orb;3.49;High
Allflame;2026-10-01;Sacrifice at Noon;Chaos Orb;0.4553;High
Allflame;2026-10-01;Dedication to the Goddess;Chaos Orb;25.11;High
Allflame;2026-10-01;Ritual Splinter;Chaos Orb;0.6571;High
Allflame;2026-10-01;Ritual Vessel;Chaos Orb;1.39;High
Allflame;2026-10-01;Sacred Blossom;Chaos Orb;52.33;High
Allflame;2026-10-01;Simulacrum;Chaos Orb;198.2;High
Allflame;2026-10-01;The Maven's Writ;Chaos Orb;17.92;High
Allflame;2026-10-01;Timeless Karui Splinter;Chaos Orb;0.6323;High
Allflame;2026-10-01;Timeless Maraketh Emblem;Chaos Orb;12.91;High
Allflame;2026-10-01;Timeless Maraketh Splinter;Chaos Orb;2.5;High
Allflame;2026-10-01;Timeless Templar Emblem;Chaos Orb;27.24;High
Allflame;2026-10-01;Timeless Templar Splinter;Chaos Orb;2.6;High
Allflame;2026-10-01;Timeless Vaal Splinter;Chaos Orb;1.01;High
Allflame;2026-10-01;Traumatic Fragment;Chaos Orb;35.93;High
Allflame;2026-10-01;Zorath's Eye of the Endless;Chaos Orb;458.4;High
Allflame;2026-10-01;Sacrifice at Dawn;Chaos Orb;0.4536;High
Allflame;2026-10-01;Devouring Fragment;Chaos Orb;212.6;High
Allflame;2026-10-01;Echo of Reverence;Chaos Orb;248.9;High
Allflame;2026-10-01;Echo of Trauma;Chaos Orb;507.6;High
Allflame;2026-10-01;Fragment of Terror;Chaos Orb;44;High
Allflame;2026-10-01;Mortal Hope;Chaos Orb;23.03;High
Allflame;2026-10-01;Lonely Fragment;Chaos Orb;46.78;High
Allflame;2026-10-01;Memory of Reverence;Chaos Orb;9.76;High
Allflame;2026-10-01;Memory of Trauma;Chaos Orb;72.67;High
Allflame;2026-10-01;Fragment of the Minotaur;Chaos Orb;5.19;High
Allflame;2026-10-01;Gift to the Goddess;Chaos Orb;55.18;High
Allflame;2026-10-01;Tribute to the Goddess;Chaos Orb;10.86;High
Allflame;2026-10-01;Fragment of the Phoenix;Chaos Orb;6.65;High
Allflame;2026-10-01;Reality Fragment;Chaos Orb;185.6;High
Allflame;2026-10-01;Reverent Fragment;Chaos Orb;116.2;High
Allflame;2026-10-01;Synthesising Fragment;Chaos Orb;11.52;High
Allflame;2026-10-01;Timeless Eternal Emblem;Chaos Orb;3.3;High
Allflame;2026-10-01;Timeless Karui Emblem;Chaos Orb;10.28;High
Allflame;2026-10-01;Timeless Vaal Emblem;Chaos Orb;21.02;High
Allflame;2026-10-01;Veritania's Crest;Chaos Orb;14.06;High
Allflame;2026-10-02;Reflecting Mist;Chaos Orb;1933;High
Allflame;2026-10-02;Fracturing Orb;Chaos Orb;429.3;High
Allflame;2026-10-02;Divine Orb;Chaos Orb;366.6;High
Allflame;2026-10-02;Orb of Annulment;Chaos Orb;11.82;High
Allflame;2026-10-02;Stacked Deck;Chaos Orb;6.28;High
Allflame;2026-10-02;Chromatic Orb;Chaos Orb;4.64;High
Allflame;2026-10-02;Turbulent Catalyst;Chaos Orb;2.93;High
Allflame;2026-10-02;Abrasive Catalyst;Chaos Orb;1.45;High
Allflame;2026-10-02;Imbued Catalyst;Chaos Orb;1.43;High
Allflame;2026-10-02;Gemcutter's Prism;Chaos Orb;1.54;High
Allflame;2026-10-02;Noxious Catalyst;Chaos Orb;1.55;High
Allflame;2026-10-02;Scrying Orb;Chaos Orb;2;High
Allflame;2026-10-02;Orb of Scouring;Chaos Orb;0.7781;High
Allflame;2026-10-02;Intrinsic Catalyst;Chaos Orb;1.58;High
Allflame;2026-10-02;Orb of Fusing;Chaos Orb;0.1464;High
Allflame;2026-10-02;Orb of Alteration;Chaos Orb;0.1344;High
Allflame;2026-10-02;Vivid Crystallised Lifeforce;Chaos Orb;0.126;High
Allflame;2026-10-02;Primal Crystallised Lifeforce;Chaos Orb;0.05245;High
Allflame;2026-10-02;Jeweller's Orb;Chaos Orb;0.01712;High
Allflame;2026-10-02;Lonely Reliquary Key;Chaos Orb;3330;High
Allflame;2026-10-02;Syndicate Medallion;Chaos Orb;1665;High
Allflame;2026-10-02;Zorath's Eye of the Inevitable;Chaos Orb;654;High
Allflame;2026-10-02;Valdo's Puzzle Box;Chaos Orb;366;High
Allflame;2026-10-02;Voidborn Reliquary Key;Chaos Orb;140;High
Allflame;2026-10-02;Timeless Eternal Empire Splinter;Chaos Orb;50;High
Allflame;2026-10-02;Message in a Bottle;Chaos Orb;9;High
Allflame;2026-10-02;Zorath's Eye of Authority;Chaos Orb;4.8;High
Allflame;2026-10-02;Zorath's Eye of Malevolence;Chaos Orb;2.4;High
Allflame;2026-10-02;Sacrifice at Dusk;Chaos Orb;2;High
Allflame;2026-10-02;Offering to the Goddess;Chaos Orb;1;High
Allflame;2026-10-02;Divine Vessel;Chaos Orb;1;High
Allflame;2026-10-02;Simulacrum Splinter;Chaos Orb;1;High
Allflame;2026-10-02;Accelerating Catalyst;Chaos Orb;1.64;High
Allflame;2026-10-02;Blessed Orb;Chaos Orb;0.2475;High
Allflame;2026-10-02;Orb of Alchemy;Chaos Orb;0.0158;High
Allflame;2026-10-02;Ancient Orb;Chaos Orb;11.24;High
Allflame;2026-10-02;Orb of Augmentation;Chaos Orb;0.04266;High
Allflame;2026-10-02;Awakener's Orb;Chaos Orb;996;High
Allflame;2026-10-02;Glassblower's Bauble;Chaos Orb;0.3171;High
Allflame;2026-10-02;Orb of Chance;Chaos Orb;0.1271;High
Allflame;2026-10-02;Dead Man's Sulphur;Chaos Orb;0.01085;High
Allflame;2026-10-02;Elder's Exalted Orb;Chaos Orb;108.5;High
Allflame;2026-10-02;Eldritch Chaos Orb;Chaos Orb;36.34;High
Allflame;2026-10-02;Eldritch Exalted Orb;Chaos Orb;2.91;High
Allflame;2026-10-02;Eldritch Orb of Annulment;Chaos Orb;33.44;High
Allflame;2026-10-02;Enkindling Orb;Chaos Orb;0.8564;High
Allflame;2026-10-02;Exalted Orb;Chaos Orb;4.56;High
Allflame;2026-10-02;Exceptional Eldritch Ichor;Chaos Orb;230.3;High
Allflame;2026-10-02;Fertile Catalyst;Chaos Orb;29.91;High
Allflame;2026-10-02;Fracturing Shard;Chaos Orb;23.88;High
Allflame;2026-10-02;Grand Eldritch Ember;Chaos Orb;12.19;High
Allflame;2026-10-02;Grand Eldritch Ichor;Chaos Orb;4.15;High
Allflame;2026-10-02;Greater Eldritch Ember;Chaos Orb;0.2714;High
Allflame;2026-10-02;Greater Eldritch Ichor;Chaos Orb;0.3526;High
Allflame;2026-10-02;Instilling Orb;Chaos Orb;0.1986;High
Allflame;2026-10-02;Lesser Eldritch Ember;Chaos Orb;0.2428;High
Allflame;2026-10-02;Lesser Eldritch Ichor;Chaos Orb;0.111;High
Allflame;2026-10-02;Maven's Chisel of Avarice;Chaos Orb;204.2;High
Allflame;2026-10-02;Maven's Chisel of Scarabs;Chaos Orb;51.17;High
Allflame;2026-10-02;Orb of Conflict;Chaos Orb;420;High
Allflame;2026-10-02;Orb of Intention;Chaos Orb;3;High
Allflame;2026-10-02;Orb of Remembrance;Chaos Orb;194.6;High
Allflame;2026-10-02;Orb of Unmaking;Chaos Orb;0.2834;High
Allflame;2026-10-02;Orb of Unravelling;Chaos Orb;10.72;High
Allflame;2026-10-02;Redeemer's Exalted Orb;Chaos Orb;146.4;High
Allflame;2026-10-02;Regal Orb;Chaos Orb;0.05802;High
Allflame;2026-10-02;Orb of Regret;Chaos Orb;1.32;High
Allflame;2026-10-02;Sacred Crystallised Lifeforce;Chaos Orb;124.9;High
Allflame;2026-10-02;Crystallised Rancour;Chaos Orb;452.9;High
Allflame;2026-10-02;Armourer's Scrap;Chaos Orb;0.1589;High
Allflame;2026-10-02;Shaper's Exalted Orb;Chaos Orb;136.6;High
Allflame;2026-10-02;Tainted Blacksmith's Whetstone;Chaos Orb;6;High
Allflame;2026-10-02;Tainted Exalted Orb;Chaos Orb;443;High
Allflame;2026-10-02;Tainted Orb of Fusing;Chaos Orb;23.03;High
Allflame;2026-10-02;Tempering Catalyst;Chaos Orb;7.38;High
Allflame;2026-10-02;Wild Crystallised Lifeforce;Chaos Orb;0.02549;High
Allflame;2026-10-02;Crusader's Exalted Orb;Chaos Orb;170.5;High
Allflame;2026-10-02;Hinekora's Lock;Chaos Orb;90684;High
Allflame;2026-10-02;Veiled Exalted Orb;Chaos Orb;4755;High
Allflame;2026-10-02;Exceptional Eldritch Ember;Chaos Orb;237.9;High
Allflame;2026-10-02;Flesh of Xesht;Chaos Orb;83.53;High
Allflame;2026-10-02;Foulborn Exalted Orb;Chaos Orb;1959;High
Allflame;2026-10-02;Foulborn Orb of Augmentation;Chaos Orb;2.29;High
Allflame;2026-10-02;Foulborn Regal Orb;Chaos Orb;11.98;High
Allflame;2026-10-02;Hunter's Exalted Orb;Chaos Orb;977.6;High
Allflame;2026-10-02;Maven's Chisel of Divination;Chaos Orb;26.15;High
Allflame;2026-10-02;Maven's Chisel of Procurement;Chaos Orb;6.95;High
Allflame;2026-10-02;Maven's Chisel of Proliferation;Chaos Orb;96.04;High
Allflame;2026-10-02;Orb of Dominance;Chaos Orb;1351;High
Allflame;2026-10-02;Mirror of Kalandra;Chaos Orb;399722;High
Allflame;2026-10-02;Mirror Shard;Chaos Orb;20065;High
Allflame;2026-10-02;Portal Scroll;Chaos Orb;0.0267;High
Allflame;2026-10-02;Prismatic Catalyst;Chaos Orb;77.63;High
Allflame;2026-10-02;Rogue's Marker;Chaos Orb;0.0006126;High
Allflame;2026-10-02;Sacred Orb;Chaos Orb;70.43;High
Allflame;2026-10-02;Tailoring Orb;Chaos Orb;607.5;High
Allflame;2026-10-02;Tainted Armourer's Scrap;Chaos Orb;4.24;High
Allflame;2026-10-02;Tainted Catalyst;Chaos Orb;9.49;High
Allflame;2026-10-02;Tainted Chaos Orb;Chaos Orb;36.66;High
Allflame;2026-10-02;Tainted Chromatic Orb;Chaos Orb;7.28;High
Allflame;2026-10-02;Volatile Vaal Orb;Chaos Orb;1422;High
Allflame;2026-10-02;Tainted Divine Teardrop;Chaos Orb;9124;High
Allflame;2026-10-02;Tainted Jeweller's Orb;Chaos Orb;2.8;High
Allflame;2026-10-02;Tainted Mythic Orb;Chaos Orb;10.66;High
Allflame;2026-10-02;Tempering Orb;Chaos Orb;487.9;High
Allflame;2026-10-02;Orb of Transmutation;Chaos Orb;0.005115;High
Allflame;2026-10-02;Unstable Catalyst;Chaos Orb;10.07;High
Allflame;2026-10-02;Vaal Orb;Chaos Orb;0.596;High
Allflame;2026-10-02;Veiled Chaos Orb;Chaos Orb;89.72;High
Allflame;2026-10-02;Warlord's Exalted Orb;Chaos Orb;450.7;High
Allflame;2026-10-02;Blacksmith's Whetstone;Chaos Orb;0.09244;High
Allflame;2026-10-02;Scroll of Wisdom;Chaos Orb;0.01092;High
Allflame;2026-10-02;An Audience With The King;Chaos Orb;51.01;High
Allflame;2026-10-02;Awakening Fragment;Chaos Orb;9.08;High
Allflame;2026-10-02;Baran's Crest;Chaos Orb;7.44;High
Allflame;2026-10-02;Al-Hezmin's Crest;Chaos Orb;5.78;High
Allflame;2026-10-02;Blazing Fragment;Chaos Orb;70.03;High
Allflame;2026-10-02;Fragment of the Chimera;Chaos Orb;20.39;High
Allflame;2026-10-02;Cosmic Fragment;Chaos Orb;172.4;High
Allflame;2026-10-02;Crescent Splinter;Chaos Orb;8.5;High
Allflame;2026-10-02;Decaying Fragment;Chaos Orb;81.32;High
Allflame;2026-10-02;Drox's Crest;Chaos Orb;8.49;High
Allflame;2026-10-02;Echo of Loneliness;Chaos Orb;143.5;High
Allflame;2026-10-02;Fragment of Constriction;Chaos Orb;11.78;High
Allflame;2026-10-02;Fragment of Emptiness;Chaos Orb;43.92;High
Allflame;2026-10-02;Fragment of Enslavement;Chaos Orb;11.39;High
Allflame;2026-10-02;Fragment of Eradication;Chaos Orb;10.22;High
Allflame;2026-10-02;Fragment of Knowledge;Chaos Orb;108.4;High
Allflame;2026-10-02;Fragment of Purification;Chaos Orb;11.44;High
Allflame;2026-10-02;Fragment of Shape;Chaos Orb;109.7;High
Allflame;2026-10-02;Mortal Grief;Chaos Orb;6.88;High
Allflame;2026-10-02;Hivebrain Gland;Chaos Orb;10.75;High
Allflame;2026-10-02;Fragment of the Hydra;Chaos Orb;5.58;High
Allflame;2026-10-02;Mortal Ignorance;Chaos Orb;15.06;High
Allflame;2026-10-02;Memory of Loneliness;Chaos Orb;4.73;High
Allflame;2026-10-02;Sacrifice at Midnight;Chaos Orb;11.77;High
Allflame;2026-10-02;Sacrifice at Noon;Chaos Orb;1.65;High
Allflame;2026-10-02;Dedication to the Goddess;Chaos Orb;25.18;High
Allflame;2026-10-02;Ritual Vessel;Chaos Orb;1.23;High
Allflame;2026-10-02;Sacred Blossom;Chaos Orb;35.3;High
Allflame;2026-10-02;Simulacrum;Chaos Orb;286.3;High
Allflame;2026-10-02;The Maven's Writ;Chaos Orb;16.31;High
Allflame;2026-10-02;Timeless Maraketh Emblem;Chaos Orb;11.37;High
Allflame;2026-10-02;Timeless Templar Emblem;Chaos Orb;12.89;High
Allflame;2026-10-02;Traumatic Fragment;Chaos Orb;28.48;High
Allflame;2026-10-02;Zorath's Eye of the Endless;Chaos Orb;558.5;High
Allflame;2026-10-02;Sacrifice at Dawn;Chaos Orb;0.3342;High
Allflame;2026-10-02;Devouring Fragment;Chaos Orb;215.5;High
Allflame;2026-10-02;Echo of Reverence;Chaos Orb;250.2;High
Allflame;2026-10-02;Echo of Trauma;Chaos Orb;518.6;High
Allflame;2026-10-02;Fragment of Terror;Chaos Orb;33.14;High
Allflame;2026-10-02;Mortal Hope;Chaos Orb;23.41;High
Allflame;2026-10-02;Lonely Fragment;Chaos Orb;35.5;High
Allflame;2026-10-02;Memory of Reverence;Chaos Orb;14.35;High
Allflame;2026-10-02;Memory of Trauma;Chaos Orb;80.91;High
Allflame;2026-10-02;Fragment of the Minotaur;Chaos Orb;5.64;High
Allflame;2026-10-02;Gift to the Goddess;Chaos Orb;61.48;High
Allflame;2026-10-02;Tribute to the Goddess;Chaos Orb;15.67;High
Allflame;2026-10-02;Fragment of the Phoenix;Chaos Orb;8.38;High
Allflame;2026-10-02;Mortal Rage;Chaos Orb;9.37;High
Allflame;2026-10-02;Reality Fragment;Chaos Orb;159.9;High
Allflame;2026-10-02;Reverent Fragment;Chaos Orb;138;High
Allflame;2026-10-02;Synthesising Fragment;Chaos Orb;11.96;High
Allflame;2026-10-02;Timeless Eternal Emblem;Chaos Orb;5.77;High
Allflame;2026-10-02;Timeless Karui Emblem;Chaos Orb;24.81;High
Allflame;2026-10-02;Timeless Vaal Emblem;Chaos Orb;7.75;High
Allflame;2026-10-02;Veritania's Crest;Chaos Orb;6.96;High
Allflame;2026-10-03;Broken Mirror of Kalandra;Chaos Orb;42920;High
Allflame;2026-10-03;Reflecting Mist;Chaos Orb;2404;High
Allflame;2026-10-03;Fracturing Orb;Chaos Orb;419.4;High
Allflame;2026-10-03;Divine Orb;Chaos Orb;373.8;High
Allflame;2026-10-03;Turbulent Catalyst;Chaos Orb;2.3;High
Allflame;2026-10-03;Imbued Catalyst;Chaos Orb;1.18;High
Allflame;2026-10-03;Gemcutter's Prism;Chaos Orb;1.64;High
Allflame;2026-10-03;Noxious Catalyst;Chaos Orb;1.43;High
Allflame;2026-10-03;Scrying Orb;Chaos Orb;2;High
Allflame;2026-10-03;Orb of Scouring;Chaos Orb;0.8837;High
Allflame;2026-10-03;Intrinsic Catalyst;Chaos Orb;1.24;High
Allflame;2026-10-03;Orb of Alteration;Chaos Orb;0.1067;High
Allflame;2026-10-03;Vivid Crystallised Lifeforce;Chaos Orb;0.1266;High
Allflame;2026-10-03;Primal Crystallised Lifeforce;Chaos Orb;0.04639;High
Allflame;2026-10-03;Jeweller's Orb;Chaos Orb;0.01493;High
Allflame;2026-10-03;Lonely Reliquary Key;Chaos Orb;2590;High
Allflame;2026-10-03;Zorath's Eye of the Inevitable;Chaos Orb;705;High
Allflame;2026-10-03;Forgotten Reliquary Key;Chaos Orb;400;High
Allflame;2026-10-03;Valdo's Puzzle Box;Chaos Orb;370;High
Allflame;2026-10-03;Voidborn Reliquary Key;Chaos Orb;282;High
Allflame;2026-10-03;Crescent Splinter;Chaos Orb;10;High
Allflame;2026-10-03;Zorath's Eye of Authority;Chaos Orb;8;High
Allflame;2026-10-03;Message in a Bottle;Chaos Orb;5;High
Allflame;2026-10-03;Sacrifice at Dusk;Chaos Orb;2.1;High
Allflame;2026-10-03;Zorath's Eye of Malevolence;Chaos Orb;1.8;High
Allflame;2026-10-03;Offering to the Goddess;Chaos Orb;1.7;High
Allflame;2026-10-03;Sacrifice at Dawn;Chaos Orb;1.58;High
Allflame;2026-10-03;Divine Vessel;Chaos Orb;1;High
Allflame;2026-10-03;Simulacrum Splinter;Chaos Orb;1;High
Allflame;2026-10-03;Accelerating Catalyst;Chaos Orb;1.59;High
Allflame;2026-10-03;Blessed Orb;Chaos Orb;0.3973;High
Allflame;2026-10-03;Abrasive Catalyst;Chaos Orb;1.45;High
Allflame;2026-10-03;Orb of Alchemy;Chaos Orb;0.01601;High
Allflame;2026-10-03;Ancient Orb;Chaos Orb;12.2;High
Allflame;2026-10-03;Orb of Annulment;Chaos Orb;12.01;High
Allflame;2026-10-03;Orb of Augmentation;Chaos Orb;0.04353;High
Allflame;2026-10-03;Awakener's Orb;Chaos Orb;984.7;High
Allflame;2026-10-03;Glassblower's Bauble;Chaos Orb;0.2272;High
Allflame;2026-10-03;Orb of Chance;Chaos Orb;0.145;High
Allflame;2026-10-03;Dead Man's Sulphur;Chaos Orb;0.01073;High
Allflame;2026-10-03;Elder's Exalted Orb;Chaos Orb;101.6;High
Allflame;2026-10-03;Eldritch Chaos Orb;Chaos Orb;28.7;High
Allflame;2026-10-03;Eldritch Exalted Orb;Chaos Orb;2.57;High
Allflame;2026-10-03;Eldritch Orb of Annulment;Chaos Orb;26.75;High
Allflame;2026-10-03;Enkindling Orb;Chaos Orb;0.8929;High
Allflame;2026-10-03;Exalted Orb;Chaos Orb;3.99;High
Allflame;2026-10-03;Exceptional Eldritch Ichor;Chaos Orb;224.2;High
Allflame;2026-10-03;Fertile Catalyst;Chaos Orb;24.15;High
Allflame;2026-10-03;Fracturing Shard;Chaos Orb;18.29;High
Allflame;2026-10-03;Orb of Fusing;Chaos Orb;0.1051;High
Allflame;2026-10-03;Grand Eldritch Ember;Chaos Orb;13.82;High
Allflame;2026-10-03;Grand Eldritch Ichor;Chaos Orb;6.37;High
Allflame;2026-10-03;Greater Eldritch Ember;Chaos Orb;0.3253;High
Allflame;2026-10-03;Greater Eldritch Ichor;Chaos Orb;0.2948;High
Allflame;2026-10-03;Instilling Orb;Chaos Orb;0.2074;High
Allflame;2026-10-03;Lesser Eldritch Ember;Chaos Orb;0.08379;High
Allflame;2026-10-03;Lesser Eldritch Ichor;Chaos Orb;0.08913;High
Allflame;2026-10-03;Maven's Chisel of Avarice;Chaos Orb;124.2;High
Allflame;2026-10-03;Maven's Chisel of Scarabs;Chaos Orb;136.6;High
Allflame;2026-10-03;Orb of Binding;Chaos Orb;0.03478;High
Allflame;2026-10-03;Orb of Conflict;Chaos Orb;414.4;High
Allflame;2026-10-03;Orb of Intention;Chaos Orb;2.17;High
Allflame;2026-10-03;Orb of Remembrance;Chaos Orb;120.5;High
Allflame;2026-10-03;Orb of Unmaking;Chaos Orb;0.1396;High
Allflame;2026-10-03;Orb of Unravelling;Chaos Orb;9.16;High
Allflame;2026-10-03;Redeemer's Exalted Orb;Chaos Orb;124.3;High
Allflame;2026-10-03;Regal Orb;Chaos Orb;0.1427;High
Allflame;2026-10-03;Orb of Regret;Chaos Orb;1.06;High
Allflame;2026-10-03;Sacred Crystallised Lifeforce;Chaos Orb;78.58;High
Allflame;2026-10-03;Crystallised Rancour;Chaos Orb;599;High
Allflame;2026-10-03;Armourer's Scrap;Chaos Orb;0.1335;High
Allflame;2026-10-03;Shaper's Exalted Orb;Chaos Orb;150.5;High
Allflame;2026-10-03;Tainted Blacksmith's Whetstone;Chaos Orb;1.46;High
Allflame;2026-10-03;Tainted Exalted Orb;Chaos Orb;448.6;High
Allflame;2026-10-03;Tainted Orb of Fusing;Chaos Orb;21.08;High
Allflame;2026-10-03;Tempering Catalyst;Chaos Orb;5.72;High
Allflame;2026-10-03;Wild Crystallised Lifeforce;Chaos Orb;0.02567;High
Allflame;2026-10-03;Chromatic Orb;Chaos Orb;4.22;High
Allflame;2026-10-03;Crusader's Exalted Orb;Chaos Orb;135.9;High
Allflame;2026-10-03;Hinekora's Lock;Chaos Orb;91779;High
Allflame;2026-10-03;Veiled Exalted Orb;Chaos Orb;4922;High
Allflame;2026-10-03;Exceptional Eldritch Ember;Chaos Orb;322.6;High
Allflame;2026-10-03;Flesh of Xesht;Chaos Orb;88.55;High
Allflame;2026-10-03;Foulborn Exalted Orb;Chaos Orb;1994;High
Allflame;2026-10-03;Foulborn Orb of Augmentation;Chaos Orb;4.01;High
Allflame;2026-10-03;Foulborn Regal Orb;Chaos Orb;6.4;High
Allflame;2026-10-03;Hunter's Exalted Orb;Chaos Orb;915.2;High
Allflame;2026-10-03;Maven's Chisel of Divination;Chaos Orb;36.1;High
Allflame;2026-10-03;Maven's Chisel of Procurement;Chaos Orb;5.79;High
Allflame;2026-10-03;Maven's Chisel of Proliferation;Chaos Orb;112;High
Allflame;2026-10-03;Orb of Dominance;Chaos Orb;1348;High
Allflame;2026-10-03;Mirror of Kalandra;Chaos Orb;402936;High
Allflame;2026-10-03;Mirror Shard;Chaos Orb;20431;High
Allflame;2026-10-03;Portal Scroll;Chaos Orb;0.01618;High
Allflame;2026-10-03;Prismatic Catalyst;Chaos Orb;84.96;High
Allflame;2026-10-03;Rogue's Marker;Chaos Orb;0.0006694;High
Allflame;2026-10-03;Sacred Orb;Chaos Orb;76.13;High
Allflame;2026-10-03;Stacked Deck;Chaos Orb;6.44;High
Allflame;2026-10-03;Tailoring Orb;Chaos Orb;599;High
Allflame;2026-10-03;Tainted Armourer's Scrap;Chaos Orb;1.99;High
Allflame;2026-10-03;Tainted Catalyst;Chaos Orb;8.73;High
Allflame;2026-10-03;Tainted Chaos Orb;Chaos Orb;9.11;High
Allflame;2026-10-03;Tainted Chromatic Orb;Chaos Orb;6.92;High
Allflame;2026-10-03;Volatile Vaal Orb;Chaos Orb;1385;High
Allflame;2026-10-03;Tainted Divine Teardrop;Chaos Orb;3115;High
Allflame;2026-10-03;Tainted Jeweller's Orb;Chaos Orb;2.77;High
Allflame;2026-10-03;Tainted Mythic Orb;Chaos Orb;12.38;High
Allflame;2026-10-03;Tempering Orb;Chaos Orb;500.8;High
Allflame;2026-10-03;Orb of Transmutation;Chaos Orb;0.009472;High
Allflame;2026-10-03;Unstable Catalyst;Chaos Orb;6.08;High
Allflame;2026-10-03;Vaal Orb;Chaos Orb;0.4408;High
Allflame;2026-10-03;Veiled Chaos Orb;Chaos Orb;102.7;High
Allflame;2026-10-03;Warlord's Exalted Orb;Chaos Orb;537.6;High
Allflame;2026-10-03;Blacksmith's Whetstone;Chaos Orb;0.07085;High
Allflame;2026-10-03;Scroll of Wisdom;Chaos Orb;0.01501;High
Allflame;2026-10-03;An Audience With The King;Chaos Orb;45.69;High
Allflame;2026-10-03;Awakening Fragment;Chaos Orb;11.48;High
Allflame;2026-10-03;Baran's Crest;Chaos Orb;10.98;High
Allflame;2026-10-03;Al-Hezmin's Crest;Chaos Orb;7.2;High
Allflame;2026-10-03;Blazing Fragment;Chaos Orb;62.2;High
Allflame;2026-10-03;Fragment of the Chimera;Chaos Orb;18.46;High
Allflame;2026-10-03;Cosmic Fragment;Chaos Orb;153.2;High
Allflame;2026-10-03;Decaying Fragment;Chaos Orb;87.69;High
Allflame;2026-10-03;Drox's Crest;Chaos Orb;7.1;High
Allflame;2026-10-03;Echo of Loneliness;Chaos Orb;137.7;High
Allflame;2026-10-03;Fragment of Constriction;Chaos Orb;9.35;High
Allflame;2026-10-03;Fragment of Emptiness;Chaos Orb;36.4;High
Allflame;2026-10-03;Fragment of Enslavement;Chaos Orb;13.06;High
Allflame;2026-10-03;Fragment of Eradication;Chaos Orb;11.19;High
Allflame;2026-10-03;Fragment of Knowledge;Chaos Orb;138;High
Allflame;2026-10-03;Fragment of Purification;Chaos Orb;8.67;High
Allflame;2026-10-03;Fragment of Shape;Chaos Orb;109.7;High
Allflame;2026-10-03;Mortal Grief;Chaos Orb;11.05;High
Allflame;2026-10-03;Hivebrain Gland;Chaos Orb;5.09;High
Allflame;2026-10-03;Fragment of the Hydra;Chaos Orb;6.83;High
Allflame;2026-10-03;Mortal Ignorance;Chaos Orb;12.06;High
Allflame;2026-10-03;Memory of Loneliness;Chaos Orb;7.6;High
Allflame;2026-10-03;Sacrifice at Midnight;Chaos Orb;3.58;High
Allflame;2026-10-03;Sacrifice at Noon;Chaos Orb;2.34;High
Allflame;2026-10-03;Dedication to the Goddess;Chaos Orb;19.35;High
Allflame;2026-10-03;Ritual Vessel;Chaos Orb;1.24;High
Allflame;2026-10-03;Sacred Blossom;Chaos Orb;32.54;High
Allflame;2026-10-03;Simulacrum;Chaos Orb;290.6;High
Allflame;2026-10-03;Syndicate Medallion;Chaos Orb;1547;High
Allflame;2026-10-03;The Maven's Writ;Chaos Orb;14.72;High
Allflame;2026-10-03;Timeless Maraketh Emblem;Chaos Orb;7.07;High
Allflame;2026-10-03;Timeless Templar Emblem;Chaos Orb;14.35;High
Allflame;2026-10-03;Traumatic Fragment;Chaos Orb;46.33;High
Allflame;2026-10-03;Zorath's Eye of the Endless;Chaos Orb;414.3;High
Allflame;2026-10-03;Devouring Fragment;Chaos Orb;203.1;High
Allflame;2026-10-03;Echo of Reverence;Chaos Orb;227.3;High
Allflame;2026-10-03;Echo of Trauma;Chaos Orb;537.8;High
Allflame;2026-10-03;Fragment of Terror;Chaos Orb;33.05;High
Allflame;2026-10-03;Mortal Hope;Chaos Orb;21.13;High
Allflame;2026-10-03;Lonely Fragment;Chaos Orb;38.74;High
Allflame;2026-10-03;Memory of Reverence;Chaos Orb;10.24;High
Allflame;2026-10-03;Memory of Trauma;Chaos Orb;75.6;High
Allflame;2026-10-03;Fragment of the Minotaur;Chaos Orb;7.8;High
Allflame;2026-10-03;Gift to the Goddess;Chaos Orb;67.24;High
Allflame;2026-10-03;Tribute to the Goddess;Chaos Orb;15.4;High
Allflame;2026-10-03;Fragment of the Phoenix;Chaos Orb;7.28;High
Allflame;2026-10-03;Mortal Rage;Chaos Orb;9.35;High
Allflame;2026-10-03;Reality Fragment;Chaos Orb;170.8;High
Allflame;2026-10-03;Reverent Fragment;Chaos Orb;119.6;High
Allflame;2026-10-03;Synthesising Fragment;Chaos Orb;14.64;High
Allflame;2026-10-03;Timeless Eternal Emblem;Chaos Orb;2.66;High
Allflame;2026-10-03;Timeless Karui Emblem;Chaos Orb;13.58;High
Allflame;2026-10-03;Timeless Vaal Emblem;Chaos Orb;5.53;High
Allflame;2026-10-03;Veritania's Crest;Chaos Orb;12.73;High
Allflame;2026-10-03;Timeless Templar Splinter;Chaos Orb;1;High
Allflame;2026-10-03;Timeless Vaal Splinter;Chaos Orb;1;High
Allflame;2026-10-04;Broken Mirror of Kalandra;Chaos Orb;43979;High
Allflame;2026-10-04;Reflecting Mist;Chaos Orb;2116;High
Allflame;2026-10-04;Divine Orb;Chaos Orb;382.6;High
Allflame;2026-10-04;Fracturing Orb;Chaos Orb;436.4;High
Allflame;2026-10-04;Ancient Orb;Chaos Orb;9.27;High
Allflame;2026-10-04;Orb of Annulment;Chaos Orb;11.94;High
Allflame;2026-10-04;Exalted Orb;Chaos Orb;3.52;High
Allflame;2026-10-04;Imbued Catalyst;Chaos Orb;1.12;High
Allflame;2026-10-04;Turbulent Catalyst;Chaos Orb;1.58;High
Allflame;2026-10-04;Gemcutter's Prism;Chaos Orb;1.97;High
Allflame;2026-10-04;Abrasive Catalyst;Chaos Orb;1.11;High
Allflame;2026-10-04;Noxious Catalyst;Chaos Orb;1.48;High
Allflame;2026-10-04;Scrying Orb;Chaos Orb;2;High
Allflame;2026-10-04;Intrinsic Catalyst;Chaos Orb;1.39;High
Allflame;2026-10-04;Orb of Fusing;Chaos Orb;0.1618;High
Allflame;2026-10-04;Orb of Alteration;Chaos Orb;0.1189;High
Allflame;2026-10-04;Vivid Crystallised Lifeforce;Chaos Orb;0.1389;High
Allflame;2026-10-04;Primal Crystallised Lifeforce;Chaos Orb;0.04625;High
Allflame;2026-10-04;Jeweller's Orb;Chaos Orb;0.0135;High
Allflame;2026-10-04;Lonely Reliquary Key;Chaos Orb;2534;High
Allflame;2026-10-04;Syndicate Medallion;Chaos Orb;1677;High
Allflame;2026-10-04;Voidborn Reliquary Key;Chaos Orb;372.7;High
Allflame;2026-10-04;Valdo's Puzzle Box;Chaos Orb;372.7;High
Allflame;2026-10-04;Forgotten Reliquary Key;Chaos Orb;355;High
Allflame;2026-10-04;Zorath's Eye of the Inevitable;Chaos Orb;150.5;High
Allflame;2026-10-04;Message in a Bottle;Chaos Orb;5;High
Allflame;2026-10-04;Zorath's Eye of Authority;Chaos Orb;3.5;High
Allflame;2026-10-04;Zorath's Eye of Malevolence;Chaos Orb;3.1;High
Allflame;2026-10-04;Simulacrum Splinter;Chaos Orb;2.2;High
Allflame;2026-10-04;Offering to the Goddess;Chaos Orb;2;High
Allflame;2026-10-04;Sacrifice at Dusk;Chaos Orb;1.1;High
Allflame;2026-10-04;Divine Vessel;Chaos Orb;1;High
Allflame;2026-10-04;Accelerating Catalyst;Chaos Orb;1.71;High
Allflame;2026-10-04;Blessed Orb;Chaos Orb;0.1063;High
Allflame;2026-10-04;Orb of Alchemy;Chaos Orb;0.008715;High
Allflame;2026-10-04;Orb of Augmentation;Chaos Orb;0.04624;High
Allflame;2026-10-04;Awakener's Orb;Chaos Orb;1035;High
Allflame;2026-10-04;Glassblower's Bauble;Chaos Orb;0.5283;High
Allflame;2026-10-04;Orb of Chance;Chaos Orb;0.1985;High
Allflame;2026-10-04;Dead Man's Sulphur;Chaos Orb;0.01012;High
Allflame;2026-10-04;Elder's Exalted Orb;Chaos Orb;136.7;High
Allflame;2026-10-04;Eldritch Chaos Orb;Chaos Orb;41.25;High
Allflame;2026-10-04;Eldritch Exalted Orb;Chaos Orb;5.63;High
Allflame;2026-10-04;Eldritch Orb of Annulment;Chaos Orb;26.85;High
Allflame;2026-10-04;Enkindling Orb;Chaos Orb;1.03;High
Allflame;2026-10-04;Exceptional Eldritch Ichor;Chaos Orb;225.5;High
Allflame;2026-10-04;Fertile Catalyst;Chaos Orb;31.58;High
Allflame;2026-10-04;Fracturing Shard;Chaos Orb;17;High
Allflame;2026-10-04;Grand Eldritch Ember;Chaos Orb;14.44;High
Allflame;2026-10-04;Grand Eldritch Ichor;Chaos Orb;5.69;High
Allflame;2026-10-04;Greater Eldritch Ember;Chaos Orb;0.2567;High
Allflame;2026-10-04;Greater Eldritch Ichor;Chaos Orb;0.7055;High
Allflame;2026-10-04;Instilling Orb;Chaos Orb;0.1731;High
Allflame;2026-10-04;Lesser Eldritch Ember;Chaos Orb;0.08492;High
Allflame;2026-10-04;Lesser Eldritch Ichor;Chaos Orb;0.0865;High
Allflame;2026-10-04;Maven's Chisel of Avarice;Chaos Orb;150.4;High
Allflame;2026-10-04;Maven's Chisel of Scarabs;Chaos Orb;55.3;High
Allflame;2026-10-04;Orb of Binding;Chaos Orb;0.01299;High
Allflame;2026-10-04;Orb of Conflict;Chaos Orb;423.1;High
Allflame;2026-10-04;Orb of Intention;Chaos Orb;2.86;High
Allflame;2026-10-04;Orb of Remembrance;Chaos Orb;110.4;High
Allflame;2026-10-04;Orb of Unmaking;Chaos Orb;0.2345;High
Allflame;2026-10-04;Orb of Unravelling;Chaos Orb;38.26;High
Allflame;2026-10-04;Redeemer's Exalted Orb;Chaos Orb;158.8;High
Allflame;2026-10-04;Regal Orb;Chaos Orb;0.05928;High
Allflame;2026-10-04;Orb of Regret;Chaos Orb;0.873;High
Allflame;2026-10-04;Sacred Crystallised Lifeforce;Chaos Orb;60.88;High
Allflame;2026-10-04;Crystallised Rancour;Chaos Orb;708.9;High
Allflame;2026-10-04;Orb of Scouring;Chaos Orb;0.7841;High
Allflame;2026-10-04;Armourer's Scrap;Chaos Orb;0.06863;High
Allflame;2026-10-04;Shaper's Exalted Orb;Chaos Orb;144.3;High
Allflame;2026-10-04;Tainted Blacksmith's Whetstone;Chaos Orb;0.8305;High
Allflame;2026-10-04;Tainted Exalted Orb;Chaos Orb;282;High
Allflame;2026-10-04;Tainted Orb of Fusing;Chaos Orb;24.74;High
Allflame;2026-10-04;Tempering Catalyst;Chaos Orb;4.44;High
Allflame;2026-10-04;Veiled Exalted Orb;Chaos Orb;4854;High
Allflame;2026-10-04;Wild Crystallised Lifeforce;Chaos Orb;0.02254;High
Allflame;2026-10-04;Chromatic Orb;Chaos Orb;4.38;High
Allflame;2026-10-04;Crusader's Exalted Orb;Chaos Orb;237.3;High
Allflame;2026-10-04;Hinekora's Lock;Chaos Orb;90952;High
Allflame;2026-10-04;Exceptional Eldritch Ember;Chaos Orb;237.9;High
Allflame;2026-10-04;Flesh of Xesht;Chaos Orb;75.86;High
Allflame;2026-10-04;Foulborn Exalted Orb;Chaos Orb;2091;High
Allflame;2026-10-04;Foulborn Orb of Augmentation;Chaos Orb;3.64;High
Allflame;2026-10-04;Foulborn Regal Orb;Chaos Orb;10.79;High
Allflame;2026-10-04;Hunter's Exalted Orb;Chaos Orb;915.5;High
Allflame;2026-10-04;Maven's Chisel of Divination;Chaos Orb;37.76;High
Allflame;2026-10-04;Maven's Chisel of Procurement;Chaos Orb;18.74;High
Allflame;2026-10-04;Maven's Chisel of Proliferation;Chaos Orb;83.15;High
Allflame;2026-10-04;Orb of Dominance;Chaos Orb;1446;High
Allflame;2026-10-04;Mirror of Kalandra;Chaos Orb;409834;High
Allflame;2026-10-04;Mirror Shard;Chaos Orb;21113;High
Allflame;2026-10-04;Portal Scroll;Chaos Orb;0.01768;High
Allflame;2026-10-04;Prismatic Catalyst;Chaos Orb;87.77;High
Allflame;2026-10-04;Rogue's Marker;Chaos Orb;0.0006245;High
Allflame;2026-10-04;Sacred Orb;Chaos Orb;73.98;High
Allflame;2026-10-04;Stacked Deck;Chaos Orb;6.74;High
Allflame;2026-10-04;Tailoring Orb;Chaos Orb;730;High
Allflame;2026-10-04;Tainted Armourer's Scrap;Chaos Orb;1.93;High
Allflame;2026-10-04;Tainted Catalyst;Chaos Orb;11.26;High
Allflame;2026-10-04;Tainted Chaos Orb;Chaos Orb;7.67;High
Allflame;2026-10-04;Tainted Chromatic Orb;Chaos Orb;7.19;High
Allflame;2026-10-04;Volatile Vaal Orb;Chaos Orb;1474;High
Allflame;2026-10-04;Tainted Divine Teardrop;Chaos Orb;3273;High
Allflame;2026-10-04;Tainted Jeweller's Orb;Chaos Orb;2.72;High
Allflame;2026-10-04;Tainted Mythic Orb;Chaos Orb;22.45;High
Allflame;2026-10-04;Tempering Orb;Chaos Orb;554.1;High
Allflame;2026-10-04;Orb of Transmutation;Chaos Orb;0.006656;High
Allflame;2026-10-04;Unstable Catalyst;Chaos Orb;7.76;High
Allflame;2026-10-04;Vaal Orb;Chaos Orb;0.6062;High
Allflame;2026-10-04;Veiled Chaos Orb;Chaos Orb;91.52;High
Allflame;2026-10-04;Warlord's Exalted Orb;Chaos Orb;695.6;High
Allflame;2026-10-04;Blacksmith's Whetstone;Chaos Orb;0.03074;High
Allflame;2026-10-04;Scroll of Wisdom;Chaos Orb;0.2754;High
Allflame;2026-10-04;An Audience With The King;Chaos Orb;46.07;High
Allflame;2026-10-04;Awakening Fragment;Chaos Orb;11.23;High
Allflame;2026-10-04;Baran's Crest;Chaos Orb;5.33;High
Allflame;2026-10-04;Al-Hezmin's Crest;Chaos Orb;6.95;High
Allflame;2026-10-04;Blazing Fragment;Chaos Orb;63.4;High
Allflame;2026-10-04;Fragment of the Chimera;Chaos Orb;7.53;High
Allflame;2026-10-04;Cosmic Fragment;Chaos Orb;148.2;High
Allflame;2026-10-04;Crescent Splinter;Chaos Orb;6.99;High
Allflame;2026-10-04;Decaying Fragment;Chaos Orb;82.44;High
Allflame;2026-10-04;Drox's Crest;Chaos Orb;5.78;High
Allflame;2026-10-04;Echo of Loneliness;Chaos Orb;117.4;High
Allflame;2026-10-04;Fragment of Constriction;Chaos Orb;8.24;High
Allflame;2026-10-04;Fragment of Emptiness;Chaos Orb;30.17;High
Allflame;2026-10-04;Fragment of Enslavement;Chaos Orb;7.31;High
Allflame;2026-10-04;Fragment of Eradication;Chaos Orb;6.71;High
Allflame;2026-10-04;Fragment of Knowledge;Chaos Orb;102.2;High
Allflame;2026-10-04;Fragment of Purification;Chaos Orb;7.29;High
Allflame;2026-10-04;Fragment of Shape;Chaos Orb;94.97;High
Allflame;2026-10-04;Mortal Grief;Chaos Orb;10.61;High
Allflame;2026-10-04;Hivebrain Gland;Chaos Orb;9.64;High
Allflame;2026-10-04;Fragment of the Hydra;Chaos Orb;5.59;High
Allflame;2026-10-04;Mortal Ignorance;Chaos Orb;10.82;High
Allflame;2026-10-04;Memory of Loneliness;Chaos Orb;6.79;High
Allflame;2026-10-04;Sacrifice at Midnight;Chaos Orb;3;High
Allflame;2026-10-04;Sacrifice at Noon;Chaos Orb;2.48;High
Allflame;2026-10-04;Dedication to the Goddess;Chaos Orb;23.93;High
Allflame;2026-10-04;Ritual Vessel;Chaos Orb;0.6339;High
Allflame;2026-10-04;Sacred Blossom;Chaos Orb;35.54;High
Allflame;2026-10-04;Simulacrum;Chaos Orb;302.6;High
Allflame;2026-10-04;The Maven's Writ;Chaos Orb;10.57;High
Allflame;2026-10-04;Timeless Eternal Empire Splinter;Chaos Orb;0.25;High
Allflame;2026-10-04;Timeless Karui Splinter;Chaos Orb;1;High
Allflame;2026-10-04;Timeless Maraketh Emblem;Chaos Orb;5.08;High
Allflame;2026-10-04;Timeless Maraketh Splinter;Chaos Orb;3;High
Allflame;2026-10-04;Timeless Templar Emblem;Chaos Orb;18.02;High
Allflame;2026-10-04;Timeless Templar Splinter;Chaos Orb;0.02857;High
Allflame;2026-10-04;Timeless Vaal Splinter;Chaos Orb;0.5;High
Allflame;2026-10-04;Traumatic Fragment;Chaos Orb;69.01;High
Allflame;2026-10-04;Zorath's Eye of the Endless;Chaos Orb;352.7;High
Allflame;2026-10-04;Sacrifice at Dawn;Chaos Orb;0.5663;High
Allflame;2026-10-04;Devouring Fragment;Chaos Orb;194.2;High
Allflame;2026-10-04;Echo of Reverence;Chaos Orb;258.2;High
Allflame;2026-10-04;Echo of Trauma;Chaos Orb;530.5;High
Allflame;2026-10-04;Fragment of Terror;Chaos Orb;27.79;High
Allflame;2026-10-04;Mortal Hope;Chaos Orb;15.29;High
Allflame;2026-10-04;Lonely Fragment;Chaos Orb;51.08;High
Allflame;2026-10-04;Memory of Reverence;Chaos Orb;12.67;High
Allflame;2026-10-04;Memory of Trauma;Chaos Orb;92.6;High
Allflame;2026-10-04;Fragment of the Minotaur;Chaos Orb;3.88;High
Allflame;2026-10-04;Gift to the Goddess;Chaos Orb;43.29;High
Allflame;2026-10-04;Tribute to the Goddess;Chaos Orb;16.83;High
Allflame;2026-10-04;Fragment of the Phoenix;Chaos Orb;5.32;High
Allflame;2026-10-04;Mortal Rage;Chaos Orb;11.54;High
Allflame;2026-10-04;Reality Fragment;Chaos Orb;164.6;High
Allflame;2026-10-04;Reverent Fragment;Chaos Orb;93.42;High
Allflame;2026-10-04;Synthesising Fragment;Chaos Orb;12.15;High
Allflame;2026-10-04;Timeless Eternal Emblem;Chaos Orb;4.3;High
Allflame;2026-10-04;Timeless Karui Emblem;Chaos Orb;31.17;High
Allflame;2026-10-04;Timeless Vaal Emblem;Chaos Orb;11.11;High
Allflame;2026-10-04;Veritania's Crest;Chaos Orb;4.38;High
Allflame;2026-10-05;Broken Mirror of Kalandra;Chaos Orb;43525;High
Allflame;2026-10-05;Divine Orb;Chaos Orb;379.2;High
Allflame;2026-10-05;Fracturing Orb;Chaos Orb;367.8;High
Allflame;2026-10-05;Orb of Annulment;Chaos Orb;12.06;High
Allflame;2026-10-05;Ancient Orb;Chaos Orb;11.53;High
Allflame;2026-10-05;Imbued Catalyst;Chaos Orb;1.62;High
Allflame;2026-10-05;Turbulent Catalyst;Chaos Orb;1.62;High
Allflame;2026-10-05;Abrasive Catalyst;Chaos Orb;1.35;High
Allflame;2026-10-05;Noxious Catalyst;Chaos Orb;1.52;High
Allflame;2026-10-05;Scrying Orb;Chaos Orb;2;High
Allflame;2026-10-05;Intrinsic Catalyst;Chaos Orb;2.01;High
Allflame;2026-10-05;Orb of Fusing;Chaos Orb;0.1198;High
Allflame;2026-10-05;Orb of Alteration;Chaos Orb;0.144;High
Allflame;2026-10-05;Blacksmith's Whetstone;Chaos Orb;0.05386;High
Allflame;2026-10-05;Vivid Crystallised Lifeforce;Chaos Orb;0.1338;High
Allflame;2026-10-05;Primal Crystallised Lifeforce;Chaos Orb;0.04594;High
Allflame;2026-10-05;Jeweller's Orb;Chaos Orb;0.01047;High
Allflame;2026-10-05;Lonely Reliquary Key;Chaos Orb;2165;High
Allflame;2026-10-05;Syndicate Medallion;Chaos Orb;1709;High
Allflame;2026-10-05;Zorath's Eye of the Inevitable;Chaos Orb;911.5;High
Allflame;2026-10-05;Forgotten Reliquary Key;Chaos Orb;395.4;High
Allflame;2026-10-05;Valdo's Puzzle Box;Chaos Orb;379.8;High
Allflame;2026-10-05;Voidborn Reliquary Key;Chaos Orb;280.9;High
Allflame;2026-10-05;Message in a Bottle;Chaos Orb;6.2;High
Allflame;2026-10-05;Zorath's Eye of Malevolence;Chaos Orb;4.7;High
Allflame;2026-10-05;Zorath's Eye of Authority;Chaos Orb;3;High
Allflame;2026-10-05;Offering to the Goddess;Chaos Orb;1.9;High
Allflame;2026-10-05;Simulacrum Splinter;Chaos Orb;1.8;High
Allflame;2026-10-05;Divine Vessel;Chaos Orb;1;High
Allflame;2026-10-05;Accelerating Catalyst;Chaos Orb;1.86;High
Allflame;2026-10-05;Blessed Orb;Chaos Orb;0.08454;High
Allflame;2026-10-05;Orb of Alchemy;Chaos Orb;0.02585;High
Allflame;2026-10-05;Orb of Augmentation;Chaos Orb;0.04989;High
Allflame;2026-10-05;Awakener's Orb;Chaos Orb;1066;High
Allflame;2026-10-05;Glassblower's Bauble;Chaos Orb;0.2412;High
Allflame;2026-10-05;Orb of Chance;Chaos Orb;0.1103;High
Allflame;2026-10-05;Dead Man's Sulphur;Chaos Orb;0.008538;High
Allflame;2026-10-05;Elder's Exalted Orb;Chaos Orb;130.1;High
Allflame;2026-10-05;Eldritch Chaos Orb;Chaos Orb;27.21;High
Allflame;2026-10-05;Eldritch Exalted Orb;Chaos Orb;2.62;High
Allflame;2026-10-05;Eldritch Orb of Annulment;Chaos Orb;25.68;High
Allflame;2026-10-05;Enkindling Orb;Chaos Orb;1.46;High
Allflame;2026-10-05;Exalted Orb;Chaos Orb;3.12;High
Allflame;2026-10-05;Exceptional Eldritch Ichor;Chaos Orb;213.9;High
Allflame;2026-10-05;Fertile Catalyst;Chaos Orb;30.63;High
Allflame;2026-10-05;Fracturing Shard;Chaos Orb;17;High
Allflame;2026-10-05;Grand Eldritch Ember;Chaos Orb;10.58;High
Allflame;2026-10-05;Grand Eldritch Ichor;Chaos Orb;3.03;High
Allflame;2026-10-05;Greater Eldritch Ember;Chaos Orb;0.8757;High
Allflame;2026-10-05;Greater Eldritch Ichor;Chaos Orb;0.318;High
Allflame;2026-10-05;Instilling Orb;Chaos Orb;0.3698;High
Allflame;2026-10-05;Lesser Eldritch Ember;Chaos Orb;0.05313;High
Allflame;2026-10-05;Lesser Eldritch Ichor;Chaos Orb;0.1002;High
Allflame;2026-10-05;Maven's Chisel of Avarice;Chaos Orb;164.7;High
Allflame;2026-10-05;Maven's Chisel of Scarabs;Chaos Orb;46;High
Allflame;2026-10-05;Orb of Binding;Chaos Orb;0.01125;High
Allflame;2026-10-05;Orb of Conflict;Chaos Orb;447.6;High
Allflame;2026-10-05;Orb of Intention;Chaos Orb;3.6;High
Allflame;2026-10-05;Orb of Remembrance;Chaos Orb;84.41;High
Allflame;2026-10-05;Orb of Unmaking;Chaos Orb;0.4411;High
Allflame;2026-10-05;Orb of Unravelling;Chaos Orb;16.35;High
Allflame;2026-10-05;Redeemer's Exalted Orb;Chaos Orb;130.4;High
Allflame;2026-10-05;Reflecting Mist;Chaos Orb;2067;High
Allflame;2026-10-05;Regal Orb;Chaos Orb;0.05679;High
Allflame;2026-10-05;Orb of Regret;Chaos Orb;1.09;High
Allflame;2026-10-05;Sacred Crystallised Lifeforce;Chaos Orb;68.66;High
Allflame;2026-10-05;Crystallised Rancour;Chaos Orb;656.7;High
Allflame;2026-10-05;Orb of Scouring;Chaos Orb;0.7074;High
Allflame;2026-10-05;Armourer's Scrap;Chaos Orb;0.09121;High
Allflame;2026-10-05;Shaper's Exalted Orb;Chaos Orb;161.6;High
Allflame;2026-10-05;Tainted Blacksmith's Whetstone;Chaos Orb;5.66;High
Allflame;2026-10-05;Tainted Exalted Orb;Chaos Orb;372;High
Allflame;2026-10-05;Tainted Orb of Fusing;Chaos Orb;19.71;High
Allflame;2026-10-05;Tempering Catalyst;Chaos Orb;6.25;High
Allflame;2026-10-05;Veiled Exalted Orb;Chaos Orb;4810;High
Allflame;2026-10-05;Wild Crystallised Lifeforce;Chaos Orb;0.01963;High
Allflame;2026-10-05;Chromatic Orb;Chaos Orb;3.23;High
Allflame;2026-10-05;Crusader's Exalted Orb;Chaos Orb;158.8;High
Allflame;2026-10-05;Hinekora's Lock;Chaos Orb;90272;High
Allflame;2026-10-05;Exceptional Eldritch Ember;Chaos Orb;284.4;High
Allflame;2026-10-05;Flesh of Xesht;Chaos Orb;59.59;High
Allflame;2026-10-05;Foulborn Exalted Orb;Chaos Orb;2135;High
Allflame;2026-10-05;Foulborn Orb of Augmentation;Chaos Orb;3.46;High
Allflame;2026-10-05;Foulborn Regal Orb;Chaos Orb;6.2;High
Allflame;2026-10-05;Gemcutter's Prism;Chaos Orb;1.22;High
Allflame;2026-10-05;Hunter's Exalted Orb;Chaos Orb;520.7;High
Allflame;2026-10-05;Maven's Chisel of Divination;Chaos Orb;30.07;High
Allflame;2026-10-05;Maven's Chisel of Procurement;Chaos Orb;26.34;High
Allflame;2026-10-05;Maven's Chisel of Proliferation;Chaos Orb;102;High
Allflame;2026-10-05;Orb of Dominance;Chaos Orb;1391;High
Allflame;2026-10-05;Mirror of Kalandra;Chaos Orb;409430;High
Allflame;2026-10-05;Mirror Shard;Chaos Orb;20574;High
Allflame;2026-10-05;Portal Scroll;Chaos Orb;0.02206;High
Allflame;2026-10-05;Prismatic Catalyst;Chaos Orb;80.17;High
Allflame;2026-10-05;Rogue's Marker;Chaos Orb;0.0003366;High
Allflame;2026-10-05;Sacred Orb;Chaos Orb;59.48;High
Allflame;2026-10-05;Stacked Deck;Chaos Orb;6.61;High
Allflame;2026-10-05;Tailoring Orb;Chaos Orb;854.7;High
Allflame;2026-10-05;Tainted Armourer's Scrap;Chaos Orb;1.76;High
Allflame;2026-10-05;Tainted Catalyst;Chaos Orb;7.96;High
Allflame;2026-10-05;Tainted Chaos Orb;Chaos Orb;8.17;High
Allflame;2026-10-05;Tainted Chromatic Orb;Chaos Orb;5.82;High
Allflame;2026-10-05;Volatile Vaal Orb;Chaos Orb;1540;High
Allflame;2026-10-05;Tainted Divine Teardrop;Chaos Orb;1896;High
Allflame;2026-10-05;Tainted Jeweller's Orb;Chaos Orb;1.98;High
Allflame;2026-10-05;Tainted Mythic Orb;Chaos Orb;17.59;High
Allflame;2026-10-05;Tempering Orb;Chaos Orb;523.1;High
Allflame;2026-10-05;Orb of Transmutation;Chaos Orb;0.005957;High
Allflame;2026-10-05;Unstable Catalyst;Chaos Orb;5.88;High
Allflame;2026-10-05;Vaal Orb;Chaos Orb;0.561;High
Allflame;2026-10-05;Veiled Chaos Orb;Chaos Orb;87.52;High
Allflame;2026-10-05;Warlord's Exalted Orb;Chaos Orb;477.6;High
Allflame;2026-10-05;Scroll of Wisdom;Chaos Orb;0.09055;High
Allflame;2026-10-05;An Audience With The King;Chaos Orb;44.6;High
Allflame;2026-10-05;Awakening Fragment;Chaos Orb;10.61;High
Allflame;2026-10-05;Baran's Crest;Chaos Orb;11.41;High
Allflame;2026-10-05;Al-Hezmin's Crest;Chaos Orb;9.1;High
Allflame;2026-10-05;Blazing Fragment;Chaos Orb;58.77;High
Allflame;2026-10-05;Fragment of the Chimera;Chaos Orb;9.02;High
Allflame;2026-10-05;Cosmic Fragment;Chaos Orb;125.2;High
Allflame;2026-10-05;Crescent Splinter;Chaos Orb;7.75;High
Allflame;2026-10-05;Decaying Fragment;Chaos Orb;74.88;High
Allflame;2026-10-05;Drox's Crest;Chaos Orb;9.08;High
Allflame;2026-10-05;Sacrifice at Dusk;Chaos Orb;0.4276;High
Allflame;2026-10-05;Echo of Loneliness;Chaos Orb;115.1;High
Allflame;2026-10-05;Fragment of Constriction;Chaos Orb;11.92;High
Allflame;2026-10-05;Fragment of Emptiness;Chaos Orb;48.02;High
Allflame;2026-10-05;Fragment of Enslavement;Chaos Orb;12.41;High
Allflame;2026-10-05;Fragment of Eradication;Chaos Orb;10.27;High
Allflame;2026-10-05;Fragment of Knowledge;Chaos Orb;151.5;High
Allflame;2026-10-05;Fragment of Purification;Chaos Orb;11.22;High
Allflame;2026-10-05;Fragment of Shape;Chaos Orb;87.53;High
Allflame;2026-10-05;Mortal Grief;Chaos Orb;10.53;High
Allflame;2026-10-05;Hivebrain Gland;Chaos Orb;7.94;High
Allflame;2026-10-05;Fragment of the Hydra;Chaos Orb;8.7;High
Allflame;2026-10-05;Mortal Ignorance;Chaos Orb;15.17;High
Allflame;2026-10-05;Memory of Loneliness;Chaos Orb;8.72;High
Allflame;2026-10-05;Sacrifice at Midnight;Chaos Orb;3.13;High
Allflame;2026-10-05;Sacrifice at Noon;Chaos Orb;2.44;High
Allflame;2026-10-05;Dedication to the Goddess;Chaos Orb;24.16;High
Allflame;2026-10-05;Ritual Splinter;Chaos Orb;0.1429;High
Allflame;2026-10-05;Ritual Vessel;Chaos Orb;0.5765;High
Allflame;2026-10-05;Sacred Blossom;Chaos Orb;42.86;High
Allflame;2026-10-05;Simulacrum;Chaos Orb;247.9;High
Allflame;2026-10-05;The Maven's Writ;Chaos Orb;13.49;High
Allflame;2026-10-05;Timeless Eternal Empire Splinter;Chaos Orb;0.3378;High
Allflame;2026-10-05;Timeless Karui Splinter;Chaos Orb;0.6316;High
Allflame;2026-10-05;Timeless Maraketh Emblem;Chaos Orb;16.8;High
Allflame;2026-10-05;Timeless Maraketh Splinter;Chaos Orb;2;High
Allflame;2026-10-05;Timeless Templar Emblem;Chaos Orb;12.22;High
Allflame;2026-10-05;Timeless Templar Splinter;Chaos Orb;0.5055;High
Allflame;2026-10-05;Timeless Vaal Splinter;Chaos Orb;0.04933;High
Allflame;2026-10-05;Traumatic Fragment;Chaos Orb;49.88;High
Allflame;2026-10-05;Zorath's Eye of the Endless;Chaos Orb;369.1;High
Allflame;2026-10-05;Sacrifice at Dawn;Chaos Orb;0.2302;High
Allflame;2026-10-05;Devouring Fragment;Chaos Orb;194.3;High
Allflame;2026-10-05;Echo of Reverence;Chaos Orb;306.1;High
Allflame;2026-10-05;Echo of Trauma;Chaos Orb;402.7;High
Allflame;2026-10-05;Fragment of Terror;Chaos Orb;36.05;High
Allflame;2026-10-05;Mortal Hope;Chaos Orb;16.59;High
Allflame;2026-10-05;Lonely Fragment;Chaos Orb;44.31;High
Allflame;2026-10-05;Memory of Reverence;Chaos Orb;14.14;High
Allflame;2026-10-05;Memory of Trauma;Chaos Orb;82.5;High
Allflame;2026-10-05;Fragment of the Minotaur;Chaos Orb;4;High
Allflame;2026-10-05;Gift to the Goddess;Chaos Orb;82.61;High
Allflame;2026-10-05;Tribute to the Goddess;Chaos Orb;18.2;High
Allflame;2026-10-05;Fragment of the Phoenix;Chaos Orb;3.47;High
Allflame;2026-10-05;Mortal Rage;Chaos Orb;19.06;High
Allflame;2026-10-05;Reality Fragment;Chaos Orb;152.6;High
Allflame;2026-10-05;Reverent Fragment;Chaos Orb;118.1;High
Allflame;2026-10-05;Synthesising Fragment;Chaos Orb;11.75;High
Allflame;2026-10-05;Timeless Eternal Emblem;Chaos Orb;2.75;High
Allflame;2026-10-05;Timeless Karui Emblem;Chaos Orb;3.44;High
Allflame;2026-10-05;Timeless Vaal Emblem;Chaos Orb;7.72;High
Allflame;2026-10-05;Veritania's Crest;Chaos Orb;12.31;High
Allflame;2026-10-06;Broken Mirror of Kalandra;Chaos Orb;40423;High
Allflame;2026-10-06;Divine Orb;Chaos Orb;371.8;High
Allflame;2026-10-06;Fracturing Orb;Chaos Orb;365.1;High
Allflame;2026-10-06;Orb of Annulment;Chaos Orb;10.86;High
Allflame;2026-10-06;Ancient Orb;Chaos Orb;8.54;High
Allflame;2026-10-06;Turbulent Catalyst;Chaos Orb;2.34;High
Allflame;2026-10-06;Imbued Catalyst;Chaos Orb;1.73;High
Allflame;2026-10-06;Exalted Orb;Chaos Orb;2.98;High
Allflame;2026-10-06;Abrasive Catalyst;Chaos Orb;1.39;High
Allflame;2026-10-06;Noxious Catalyst;Chaos Orb;5.31;High
Allflame;2026-10-06;Scrying Orb;Chaos Orb;2;High
Allflame;2026-10-06;Intrinsic Catalyst;Chaos Orb;2.12;High
Allflame;2026-10-06;Orb of Fusing;Chaos Orb;0.1342;High
Allflame;2026-10-06;Orb of Alteration;Chaos Orb;0.0968;High
Allflame;2026-10-06;Blacksmith's Whetstone;Chaos Orb;0.1239;High
Allflame;2026-10-06;Orb of Chance;Chaos Orb;0.07936;High
Allflame;2026-10-06;Vivid Crystallised Lifeforce;Chaos Orb;0.1435;High
Allflame;2026-10-06;Primal Crystallised Lifeforce;Chaos Orb;0.03988;High
Allflame;2026-10-06;Jeweller's Orb;Chaos Orb;0.01187;High
Allflame;2026-10-06;Dead Man's Sulphur;Chaos Orb;0.008872;High
Allflame;2026-10-06;Lonely Reliquary Key;Chaos Orb;1822;High
Allflame;2026-10-06;Syndicate Medallion;Chaos Orb;1640;High
Allflame;2026-10-06;Decaying Reliquary Key;Chaos Orb;729;High
Allflame;2026-10-06;Valdo's Puzzle Box;Chaos Orb;364.5;High
Allflame;2026-10-06;Zorath's Eye of the Inevitable;Chaos Orb;364.5;High
Allflame;2026-10-06;Voidborn Reliquary Key;Chaos Orb;281.8;High
Allflame;2026-10-06;Simulacrum;Chaos Orb;55;High
Allflame;2026-10-06;Zorath's Eye of Malevolence;Chaos Orb;5.5;High
Allflame;2026-10-06;Message in a Bottle;Chaos Orb;5;High
Allflame;2026-10-06;Zorath's Eye of Authority;Chaos Orb;3;High
Allflame;2026-10-06;Offering to the Goddess;Chaos Orb;2;High
Allflame;2026-10-06;Simulacrum Splinter;Chaos Orb;1.7;High
Allflame;2026-10-06;Divine Vessel;Chaos Orb;1;High
Allflame;2026-10-06;Accelerating Catalyst;Chaos Orb;2.53;High
Allflame;2026-10-06;Blessed Orb;Chaos Orb;0.147;High
Allflame;2026-10-06;Orb of Alchemy;Chaos Orb;0.02199;High
Allflame;2026-10-06;Orb of Augmentation;Chaos Orb;0.04152;High
Allflame;2026-10-06;Awakener's Orb;Chaos Orb;981.2;High
Allflame;2026-10-06;Glassblower's Bauble;Chaos Orb;0.3014;High
Allflame;2026-10-06;Elder's Exalted Orb;Chaos Orb;129.5;High
Allflame;2026-10-06;Eldritch Chaos Orb;Chaos Orb;22.14;High
Allflame;2026-10-06;Eldritch Exalted Orb;Chaos Orb;4.96;High
Allflame;2026-10-06;Eldritch Orb of Annulment;Chaos Orb;25.33;High
Allflame;2026-10-06;Enkindling Orb;Chaos Orb;1.07;High
Allflame;2026-10-06;Exceptional Eldritch Ichor;Chaos Orb;203.9;High
Allflame;2026-10-06;Fertile Catalyst;Chaos Orb;29.38;High
Allflame;2026-10-06;Fracturing Shard;Chaos Orb;24.5;High
Allflame;2026-10-06;Grand Eldritch Ember;Chaos Orb;13.18;High
Allflame;2026-10-06;Grand Eldritch Ichor;Chaos Orb;4.38;High
Allflame;2026-10-06;Greater Eldritch Ember;Chaos Orb;0.6624;High
Allflame;2026-10-06;Greater Eldritch Ichor;Chaos Orb;0.2984;High
Allflame;2026-10-06;Instilling Orb;Chaos Orb;0.4957;High
Allflame;2026-10-06;Lesser Eldritch Ember;Chaos Orb;0.06061;High
Allflame;2026-10-06;Lesser Eldritch Ichor;Chaos Orb;0.08722;High
Allflame;2026-10-06;Maven's Chisel of Avarice;Chaos Orb;92.39;High
Allflame;2026-10-06;Maven's Chisel of Scarabs;Chaos Orb;67.24;High
Allflame;2026-10-06;Orb of Binding;Chaos Orb;0.01285;High
Allflame;2026-10-06;Orb of Conflict;Chaos Orb;404.8;High
Allflame;2026-10-06;Orb of Intention;Chaos Orb;3;High
Allflame;2026-10-06;Orb of Remembrance;Chaos Orb;98.54;High
Allflame;2026-10-06;Orb of Unmaking;Chaos Orb;0.1955;High
Allflame;2026-10-06;Orb of Unravelling;Chaos Orb;10.38;High
Allflame;2026-10-06;Redeemer's Exalted Orb;Chaos Orb;183.8;High
Allflame;2026-10-06;Reflecting Mist;Chaos Orb;2609;High
Allflame;2026-10-06;Regal Orb;Chaos Orb;0.05938;High
Allflame;2026-10-06;Orb of Regret;Chaos Orb;0.9847;High
Allflame;2026-10-06;Sacred Crystallised Lifeforce;Chaos Orb;84.18;High
Allflame;2026-10-06;Crystallised Rancour;Chaos Orb;885.6;High
Allflame;2026-10-06;Orb of Scouring;Chaos Orb;0.6155;High
Allflame;2026-10-06;Armourer's Scrap;Chaos Orb;0.1304;High
Allflame;2026-10-06;Shaper's Exalted Orb;Chaos Orb;142.2;High
Allflame;2026-10-06;Tainted Blacksmith's Whetstone;Chaos Orb;3.13;High
Allflame;2026-10-06;Tainted Exalted Orb;Chaos Orb;295.8;High
Allflame;2026-10-06;Tainted Orb of Fusing;Chaos Orb;20.53;High
Allflame;2026-10-06;Tempering Catalyst;Chaos Orb;16.71;High
Allflame;2026-10-06;Veiled Exalted Orb;Chaos Orb;4721;High
Allflame;2026-10-06;Wild Crystallised Lifeforce;Chaos Orb;0.02143;High
Allflame;2026-10-06;Chromatic Orb;Chaos Orb;2.49;High
Allflame;2026-10-06;Crusader's Exalted Orb;Chaos Orb;148.1;High
Allflame;2026-10-06;Hinekora's Lock;Chaos Orb;92402;High
Allflame;2026-10-06;Exceptional Eldritch Ember;Chaos Orb;274.3;High
Allflame;2026-10-06;Flesh of Xesht;Chaos Orb;75.94;High
Allflame;2026-10-06;Foulborn Exalted Orb;Chaos Orb;2034;High
Allflame;2026-10-06;Foulborn Orb of Augmentation;Chaos Orb;3.16;High
Allflame;2026-10-06;Foulborn Regal Orb;Chaos Orb;8.07;High
Allflame;2026-10-06;Gemcutter's Prism;Chaos Orb;1.37;High
Allflame;2026-10-06;Hunter's Exalted Orb;Chaos Orb;611.7;High
Allflame;2026-10-06;Maven's Chisel of Divination;Chaos Orb;24.78;High
Allflame;2026-10-06;Maven's Chisel of Procurement;Chaos Orb;17.29;High
Allflame;2026-10-06;Maven's Chisel of Proliferation;Chaos Orb;87.8;High
Allflame;2026-10-06;Orb of Dominance;Chaos Orb;1346;High
Allflame;2026-10-06;Mirror of Kalandra;Chaos Orb;398623;High
Allflame;2026-10-06;Mirror Shard;Chaos Orb;19922;High
Allflame;2026-10-06;Portal Scroll;Chaos Orb;0.02285;High
Allflame;2026-10-06;Prismatic Catalyst;Chaos Orb;106.2;High
Allflame;2026-10-06;Rogue's Marker;Chaos Orb;0.0002253;High
Allflame;2026-10-06;Sacred Orb;Chaos Orb;52.42;High
Allflame;2026-10-06;Stacked Deck;Chaos Orb;6.08;High
Allflame;2026-10-06;Tailoring Orb;Chaos Orb;668;High
Allflame;2026-10-06;Tainted Armourer's Scrap;Chaos Orb;2.95;High
Allflame;2026-10-06;Tainted Catalyst;Chaos Orb;7.31;High
Allflame;2026-10-06;Tainted Chaos Orb;Chaos Orb;8;High
Allflame;2026-10-06;Tainted Chromatic Orb;Chaos Orb;5.84;High
Allflame;2026-10-06;Volatile Vaal Orb;Chaos Orb;1639;High
Allflame;2026-10-06;Tainted Divine Teardrop;Chaos Orb;1822;High
Allflame;2026-10-06;Tainted Jeweller's Orb;Chaos Orb;0.4842;High
Allflame;2026-10-06;Tainted Mythic Orb;Chaos Orb;14.93;High
Allflame;2026-10-06;Tempering Orb;Chaos Orb;458.6;High
Allflame;2026-10-06;Orb of Transmutation;Chaos Orb;0.006672;High
Allflame;2026-10-06;Unstable Catalyst;Chaos Orb;16.41;High
Allflame;2026-10-06;Vaal Orb;Chaos Orb;0.4025;High
Allflame;2026-10-06;Veiled Chaos Orb;Chaos Orb;91.56;High
Allflame;2026-10-06;Warlord's Exalted Orb;Chaos Orb;458.2;High
Allflame;2026-10-06;Scroll of Wisdom;Chaos Orb;0.01734;High
Allflame;2026-10-06;Awakening Fragment;Chaos Orb;13.87;High
Allflame;2026-10-06;Baran's Crest;Chaos Orb;8.29;High
Allflame;2026-10-06;Al-Hezmin's Crest;Chaos Orb;8.98;High
Allflame;2026-10-06;An Audience With The King;Chaos Orb;45.83;High
Allflame;2026-10-06;Blazing Fragment;Chaos Orb;58.42;High
Allflame;2026-10-06;Fragment of the Chimera;Chaos Orb;10;High
Allflame;2026-10-06;Cosmic Fragment;Chaos Orb;156.8;High
Allflame;2026-10-06;Crescent Splinter;Chaos Orb;4.6;High
Allflame;2026-10-06;Decaying Fragment;Chaos Orb;75.15;High
Allflame;2026-10-06;Drox's Crest;Chaos Orb;10.28;High
Allflame;2026-10-06;Sacrifice at Dusk;Chaos Orb;0.2294;High
Allflame;2026-10-06;Echo of Loneliness;Chaos Orb;121.2;High
Allflame;2026-10-06;Fragment of Constriction;Chaos Orb;13.55;High
Allflame;2026-10-06;Fragment of Emptiness;Chaos Orb;39;High
Allflame;2026-10-06;Fragment of Enslavement;Chaos Orb;8.71;High
Allflame;2026-10-06;Fragment of Eradication;Chaos Orb;9.3;High
Allflame;2026-10-06;Fragment of Knowledge;Chaos Orb;143;High
Allflame;2026-10-06;Fragment of Purification;Chaos Orb;8.73;High
Allflame;2026-10-06;Fragment of Shape;Chaos Orb;100.6;High
Allflame;2026-10-06;Mortal Grief;Chaos Orb;11.62;High
Allflame;2026-10-06;Hivebrain Gland;Chaos Orb;3.36;High
Allflame;2026-10-06;Fragment of the Hydra;Chaos Orb;9.51;High
Allflame;2026-10-06;Mortal Ignorance;Chaos Orb;12.14;High
Allflame;2026-10-06;Memory of Loneliness;Chaos Orb;5.15;High
Allflame;2026-10-06;Sacrifice at Midnight;Chaos Orb;1.59;High
Allflame;2026-10-06;Sacrifice at Noon;Chaos Orb;0.6495;High
Allflame;2026-10-06;Dedication to the Goddess;Chaos Orb;21;High
Allflame;2026-10-06;Ritual Vessel;Chaos Orb;0.5754;High
Allflame;2026-10-06;Sacred Blossom;Chaos Orb;40.06;High
Allflame;2026-10-06;The Maven's Writ;Chaos Orb;14.29;High
Allflame;2026-10-06;Timeless Maraketh Emblem;Chaos Orb;10.34;High
Allflame;2026-10-06;Timeless Templar Emblem;Chaos Orb;9.11;High
Allflame;2026-10-06;Timeless Templar Splinter;Chaos Orb;0.1;High
Allflame;2026-10-06;Timeless Vaal Splinter;Chaos Orb;0.025;High
Allflame;2026-10-06;Traumatic Fragment;Chaos Orb;47.18;High
Allflame;2026-10-06;Zorath's Eye of the Endless;Chaos Orb;542.2;High
Allflame;2026-10-06;Sacrifice at Dawn;Chaos Orb;0.1718;High
Allflame;2026-10-06;Devouring Fragment;Chaos Orb;187.9;High
Allflame;2026-10-06;Echo of Reverence;Chaos Orb;291.1;High
Allflame;2026-10-06;Echo of Trauma;Chaos Orb;499.4;High
Allflame;2026-10-06;Fragment of Terror;Chaos Orb;34.1;High
Allflame;2026-10-06;Mortal Hope;Chaos Orb;13.97;High
Allflame;2026-10-06;Lonely Fragment;Chaos Orb;39.45;High
Allflame;2026-10-06;Memory of Reverence;Chaos Orb;10.22;High
Allflame;2026-10-06;Memory of Trauma;Chaos Orb;83.8;High
Allflame;2026-10-06;Fragment of the Minotaur;Chaos Orb;8.78;High
Allflame;2026-10-06;Gift to the Goddess;Chaos Orb;123.9;High
Allflame;2026-10-06;Tribute to the Goddess;Chaos Orb;13.93;High
Allflame;2026-10-06;Fragment of the Phoenix;Chaos Orb;7.55;High
Allflame;2026-10-06;Mortal Rage;Chaos Orb;10.74;High
Allflame;2026-10-06;Reality Fragment;Chaos Orb;152.4;High
Allflame;2026-10-06;Reverent Fragment;Chaos Orb;84.99;High
Allflame;2026-10-06;Synthesising Fragment;Chaos Orb;15.64;High
Allflame;2026-10-06;Timeless Eternal Emblem;Chaos Orb;2.82;High
Allflame;2026-10-06;Timeless Karui Emblem;Chaos Orb;16.76;High
Allflame;2026-10-06;Timeless Vaal Emblem;Chaos Orb;15.76;High
Allflame;2026-10-06;Veritania's Crest;Chaos Orb;10.69;High
Allflame;2026-10-07;Broken Mirror of Kalandra;Chaos Orb;41683;High
Allflame;2026-10-07;Divine Orb;Chaos Orb;373.9;High
Allflame;2026-10-07;Fracturing Orb;Chaos Orb;366;High
Allflame;2026-10-07;Orb of Annulment;Chaos Orb;10.31;High
Allflame;2026-10-07;Ancient Orb;Chaos Orb;7.6;High
Allflame;2026-10-07;Imbued Catalyst;Chaos Orb;1.14;High
Allflame;2026-10-07;Turbulent Catalyst;Chaos Orb;1.45;High
Allflame;2026-10-07;Abrasive Catalyst;Chaos Orb;1.44;High
Allflame;2026-10-07;Scrying Orb;Chaos Orb;2;High
Allflame;2026-10-07;Stacked Deck;Chaos Orb;6.23;High
Allflame;2026-10-07;Intrinsic Catalyst;Chaos Orb;1.86;High
Allflame;2026-10-07;Orb of Fusing;Chaos Orb;0.1216;High
Allflame;2026-10-07;Orb of Alteration;Chaos Orb;0.1081;High
Allflame;2026-10-07;Blacksmith's Whetstone;Chaos Orb;0.02523;High
Allflame;2026-10-07;Orb of Chance;Chaos Orb;0.1041;High
Allflame;2026-10-07;Vivid Crystallised Lifeforce;Chaos Orb;0.1514;High
Allflame;2026-10-07;Primal Crystallised Lifeforce;Chaos Orb;0.04109;High
Allflame;2026-10-07;Jeweller's Orb;Chaos Orb;0.0112;High
Allflame;2026-10-07;Dead Man's Sulphur;Chaos Orb;0.008943;High
Allflame;2026-10-07;Syndicate Medallion;Chaos Orb;1642;High
Allflame;2026-10-07;Lonely Reliquary Key;Chaos Orb;1606;High
Allflame;2026-10-07;Forgotten Reliquary Key;Chaos Orb;399;High
Allflame;2026-10-07;Zorath's Eye of the Inevitable;Chaos Orb;365;High
Allflame;2026-10-07;Valdo's Puzzle Box;Chaos Orb;348.5;High
Allflame;2026-10-07;Simulacrum;Chaos Orb;257;High
Allflame;2026-10-07;Voidborn Reliquary Key;Chaos Orb;171.5;High
Allflame;2026-10-07;Crescent Splinter;Chaos Orb;10;High
Allflame;2026-10-07;Zorath's Eye of Malevolence;Chaos Orb;5.5;High
Allflame;2026-10-07;Message in a Bottle;Chaos Orb;5;High
Allflame;2026-10-07;Zorath's Eye of Authority;Chaos Orb;4.6;High
Allflame;2026-10-07;Simulacrum Splinter;Chaos Orb;2.5;High
Allflame;2026-10-07;Offering to the Goddess;Chaos Orb;2;High
Allflame;2026-10-07;Divine Vessel;Chaos Orb;1;High
Allflame;2026-10-07;Accelerating Catalyst;Chaos Orb;2.45;High
Allflame;2026-10-07;Blessed Orb;Chaos Orb;0.2891;High
Allflame;2026-10-07;Orb of Alchemy;Chaos Orb;0.02293;High
Allflame;2026-10-07;Orb of Augmentation;Chaos Orb;0.04587;High
Allflame;2026-10-07;Awakener's Orb;Chaos Orb;1043;High
Allflame;2026-10-07;Glassblower's Bauble;Chaos Orb;0.6696;High
Allflame;2026-10-07;Elder's Exalted Orb;Chaos Orb;143.2;High
Allflame;2026-10-07;Eldritch Chaos Orb;Chaos Orb;26.94;High
Allflame;2026-10-07;Eldritch Exalted Orb;Chaos Orb;3.23;High
Allflame;2026-10-07;Eldritch Orb of Annulment;Chaos Orb;39.18;High
Allflame;2026-10-07;Enkindling Orb;Chaos Orb;0.9354;High
Allflame;2026-10-07;Exalted Orb;Chaos Orb;3.25;High
Allflame;2026-10-07;Exceptional Eldritch Ichor;Chaos Orb;213.4;High
Allflame;2026-10-07;Fertile Catalyst;Chaos Orb;32.58;High
Allflame;2026-10-07;Fracturing Shard;Chaos Orb;17;High
Allflame;2026-10-07;Grand Eldritch Ember;Chaos Orb;12.26;High
Allflame;2026-10-07;Grand Eldritch Ichor;Chaos Orb;3.27;High
Allflame;2026-10-07;Greater Eldritch Ember;Chaos Orb;0.7446;High
Allflame;2026-10-07;Greater Eldritch Ichor;Chaos Orb;0.1614;High
Allflame;2026-10-07;Instilling Orb;Chaos Orb;0.1655;High
Allflame;2026-10-07;Lesser Eldritch Ember;Chaos Orb;0.08405;High
Allflame;2026-10-07;Lesser Eldritch Ichor;Chaos Orb;0.1223;High
Allflame;2026-10-07;Maven's Chisel of Avarice;Chaos Orb;114.7;High
Allflame;2026-10-07;Maven's Chisel of Scarabs;Chaos Orb;49.52;High
Allflame;2026-10-07;Orb of Binding;Chaos Orb;0.016;High
Allflame;2026-10-07;Orb of Conflict;Chaos Orb;422.4;High
Allflame;2026-10-07;Orb of Intention;Chaos Orb;3;High
Allflame;2026-10-07;Orb of Remembrance;Chaos Orb;118.6;High
Allflame;2026-10-07;Orb of Unmaking;Chaos Orb;0.2544;High
Allflame;2026-10-07;Orb of Unravelling;Chaos Orb;11.89;High
Allflame;2026-10-07;Redeemer's Exalted Orb;Chaos Orb;178.3;High
Allflame;2026-10-07;Reflecting Mist;Chaos Orb;2395;High
Allflame;2026-10-07;Regal Orb;Chaos Orb;0.05739;High
Allflame;2026-10-07;Orb of Regret;Chaos Orb;1.1;High
Allflame;2026-10-07;Sacred Crystallised Lifeforce;Chaos Orb;76.85;High
Allflame;2026-10-07;Crystallised Rancour;Chaos Orb;553.4;High
Allflame;2026-10-07;Orb of Scouring;Chaos Orb;0.5842;High
Allflame;2026-10-07;Armourer's Scrap;Chaos Orb;0.1689;High
Allflame;2026-10-07;Shaper's Exalted Orb;Chaos Orb;143;High
Allflame;2026-10-07;Tainted Blacksmith's Whetstone;Chaos Orb;1.81;High
Allflame;2026-10-07;Tainted Exalted Orb;Chaos Orb;313;High
Allflame;2026-10-07;Tainted Orb of Fusing;Chaos Orb;21.44;High
Allflame;2026-10-07;Tempering Catalyst;Chaos Orb;10.76;High
Allflame;2026-10-07;Wild Crystallised Lifeforce;Chaos Orb;0.02134;High
Allflame;2026-10-07;Chromatic Orb;Chaos Orb;3.48;High
Allflame;2026-10-07;Crusader's Exalted Orb;Chaos Orb;172.8;High
Allflame;2026-10-07;Hinekora's Lock;Chaos Orb;92776;High
Allflame;2026-10-07;Veiled Exalted Orb;Chaos Orb;4437;High
Allflame;2026-10-07;Exceptional Eldritch Ember;Chaos Orb;280.7;High
Allflame;2026-10-07;Flesh of Xesht;Chaos Orb;81.98;High
Allflame;2026-10-07;Foulborn Exalted Orb;Chaos Orb;2032;High
Allflame;2026-10-07;Foulborn Orb of Augmentation;Chaos Orb;3.58;High
Allflame;2026-10-07;Foulborn Regal Orb;Chaos Orb;13.74;High
Allflame;2026-10-07;Gemcutter's Prism;Chaos Orb;1.52;High
Allflame;2026-10-07;Hunter's Exalted Orb;Chaos Orb;1007;High
Allflame;2026-10-07;Maven's Chisel of Divination;Chaos Orb;26.37;High
Allflame;2026-10-07;Maven's Chisel of Procurement;Chaos Orb;15.84;High
Allflame;2026-10-07;Maven's Chisel of Proliferation;Chaos Orb;115.2;High
Allflame;2026-10-07;Orb of Dominance;Chaos Orb;1362;High
Allflame;2026-10-07;Mirror of Kalandra;Chaos Orb;401210;High
Allflame;2026-10-07;Mirror Shard;Chaos Orb;20237;High
Allflame;2026-10-07;Noxious Catalyst;Chaos Orb;1.37;High
Allflame;2026-10-07;Portal Scroll;Chaos Orb;0.01909;High
Allflame;2026-10-07;Prismatic Catalyst;Chaos Orb;94.18;High
Allflame;2026-10-07;Rogue's Marker;Chaos Orb;0.0007206;High
Allflame;2026-10-07;Sacred Orb;Chaos Orb;52;High
Allflame;2026-10-07;Tailoring Orb;Chaos Orb;575.9;High
Allflame;2026-10-07;Tainted Armourer's Scrap;Chaos Orb;4.26;High
Allflame;2026-10-07;Tainted Catalyst;Chaos Orb;12.6;High
Allflame;2026-10-07;Tainted Chaos Orb;Chaos Orb;9.25;High
Allflame;2026-10-07;Tainted Chromatic Orb;Chaos Orb;5.34;High
Allflame;2026-10-07;Volatile Vaal Orb;Chaos Orb;1597;High
Allflame;2026-10-07;Tainted Divine Teardrop;Chaos Orb;2393;High
Allflame;2026-10-07;Tainted Jeweller's Orb;Chaos Orb;1.08;High
Allflame;2026-10-07;Tainted Mythic Orb;Chaos Orb;10.81;High
Allflame;2026-10-07;Tempering Orb;Chaos Orb;394.4;High
Allflame;2026-10-07;Orb of Transmutation;Chaos Orb;0.002893;High
Allflame;2026-10-07;Unstable Catalyst;Chaos Orb;12.75;High
Allflame;2026-10-07;Vaal Orb;Chaos Orb;0.4194;High
Allflame;2026-10-07;Veiled Chaos Orb;Chaos Orb;84.45;High
Allflame;2026-10-07;Warlord's Exalted Orb;Chaos Orb;534;High
Allflame;2026-10-07;Scroll of Wisdom;Chaos Orb;0.01763;High
Allflame;2026-10-07;An Audience With The King;Chaos Orb;50.54;High
Allflame;2026-10-07;Awakening Fragment;Chaos Orb;12.7;High
Allflame;2026-10-07;Baran's Crest;Chaos Orb;13.85;High
Allflame;2026-10-07;Al-Hezmin's Crest;Chaos Orb;9.79;High
Allflame;2026-10-07;Blazing Fragment;Chaos Orb;70.08;High
Allflame;2026-10-07;Fragment of the Chimera;Chaos Orb;9.3;High
Allflame;2026-10-07;Cosmic Fragment;Chaos Orb;166.8;High
Allflame;2026-10-07;Decaying Fragment;Chaos Orb;73.66;High
Allflame;2026-10-07;Drox's Crest;Chaos Orb;13.23;High
Allflame;2026-10-07;Sacrifice at Dusk;Chaos Orb;0.1215;High
Allflame;2026-10-07;Echo of Loneliness;Chaos Orb;167.5;High
Allflame;2026-10-07;Fragment of Constriction;Chaos Orb;15.52;High
Allflame;2026-10-07;Fragment of Emptiness;Chaos Orb;54.19;High
Allflame;2026-10-07;Fragment of Enslavement;Chaos Orb;12.52;High
Allflame;2026-10-07;Fragment of Eradication;Chaos Orb;14.55;High
Allflame;2026-10-07;Fragment of Knowledge;Chaos Orb;128.3;High
Allflame;2026-10-07;Fragment of Purification;Chaos Orb;11.58;High
Allflame;2026-10-07;Fragment of Shape;Chaos Orb;92.44;High
Allflame;2026-10-07;Mortal Grief;Chaos Orb;9.64;High
Allflame;2026-10-07;Hivebrain Gland;Chaos Orb;5.29;High
Allflame;2026-10-07;Fragment of the Hydra;Chaos Orb;6.95;High
Allflame;2026-10-07;Mortal Ignorance;Chaos Orb;13.03;High
Allflame;2026-10-07;Memory of Loneliness;Chaos Orb;5.42;High
Allflame;2026-10-07;Sacrifice at Midnight;Chaos Orb;2.62;High
Allflame;2026-10-07;Sacrifice at Noon;Chaos Orb;1.13;High
Allflame;2026-10-07;Dedication to the Goddess;Chaos Orb;21.08;High
Allflame;2026-10-07;Ritual Vessel;Chaos Orb;0.5929;High
Allflame;2026-10-07;Sacred Blossom;Chaos Orb;44.27;High
Allflame;2026-10-07;The Maven's Writ;Chaos Orb;18.54;High
Allflame;2026-10-07;Timeless Eternal Empire Splinter;Chaos Orb;0.08;High
Allflame;2026-10-07;Timeless Karui Splinter;Chaos Orb;0.1;High
Allflame;2026-10-07;Timeless Maraketh Emblem;Chaos Orb;13.52;High
Allflame;2026-10-07;Timeless Templar Emblem;Chaos Orb;9.72;High
Allflame;2026-10-07;Timeless Vaal Splinter;Chaos Orb;0.025;High
Allflame;2026-10-07;Traumatic Fragment;Chaos Orb;34.15;High
Allflame;2026-10-07;Zorath's Eye of the Endless;Chaos Orb;371.2;High
Allflame;2026-10-07;Sacrifice at Dawn;Chaos Orb;0.1968;High
Allflame;2026-10-07;Devouring Fragment;Chaos Orb;223.4;High
Allflame;2026-10-07;Echo of Reverence;Chaos Orb;256.1;High
Allflame;2026-10-07;Echo of Trauma;Chaos Orb;501.7;High
Allflame;2026-10-07;Fragment of Terror;Chaos Orb;41.69;High
Allflame;2026-10-07;Mortal Hope;Chaos Orb;14.95;High
Allflame;2026-10-07;Lonely Fragment;Chaos Orb;36.29;High
Allflame;2026-10-07;Memory of Reverence;Chaos Orb;15.43;High
Allflame;2026-10-07;Memory of Trauma;Chaos Orb;105.2;High
Allflame;2026-10-07;Fragment of the Minotaur;Chaos Orb;10.62;High
Allflame;2026-10-07;Gift to the Goddess;Chaos Orb;98.91;High
Allflame;2026-10-07;Tribute to the Goddess;Chaos Orb;10.8;High
Allflame;2026-10-07;Fragment of the Phoenix;Chaos Orb;6.34;High
Allflame;2026-10-07;Mortal Rage;Chaos Orb;8.88;High
Allflame;2026-10-07;Reality Fragment;Chaos Orb;161.2;High
Allflame;2026-10-07;Reverent Fragment;Chaos Orb;137.7;High
Allflame;2026-10-07;Synthesising Fragment;Chaos Orb;6.7;High
Allflame;2026-10-07;Timeless Eternal Emblem;Chaos Orb;4.52;High
Allflame;2026-10-07;Timeless Karui Emblem;Chaos Orb;21.03;High
Allflame;2026-10-07;Timeless Vaal Emblem;Chaos Orb;5.91;High
Allflame;2026-10-07;Veritania's Crest;Chaos Orb;14.15;High
Allflame;2026-10-08;Broken Mirror of Kalandra;Chaos Orb;40332;High
Allflame;2026-10-08;Divine Orb;Chaos Orb;366.9;High
Allflame;2026-10-08;Fracturing Orb;Chaos Orb;473.6;High
Allflame;2026-10-08;Orb of Annulment;Chaos Orb;11.66;High
Allflame;2026-10-08;Imbued Catalyst;Chaos Orb;1.93;High
Allflame;2026-10-08;Turbulent Catalyst;Chaos Orb;1.86;High
Allflame;2026-10-08;Abrasive Catalyst;Chaos Orb;2.28;High
Allflame;2026-10-08;Accelerating Catalyst;Chaos Orb;2.43;High
Allflame;2026-10-08;Scrying Orb;Chaos Orb;2;High
Allflame;2026-10-08;Stacked Deck;Chaos Orb;6.63;High
Allflame;2026-10-08;Orb of Scouring;Chaos Orb;0.8009;High
Allflame;2026-10-08;Noxious Catalyst;Chaos Orb;2.21;High
Allflame;2026-10-08;Intrinsic Catalyst;Chaos Orb;2.24;High
Allflame;2026-10-08;Orb of Fusing;Chaos Orb;0.08761;High
Allflame;2026-10-08;Orb of Alteration;Chaos Orb;0.1072;High
Allflame;2026-10-08;Vivid Crystallised Lifeforce;Chaos Orb;0.1537;High
Allflame;2026-10-08;Blacksmith's Whetstone;Chaos Orb;0.08536;High
Allflame;2026-10-08;Orb of Chance;Chaos Orb;0.06808;High
Allflame;2026-10-08;Jeweller's Orb;Chaos Orb;0.01349;High
Allflame;2026-10-08;Primal Crystallised Lifeforce;Chaos Orb;0.04384;High
Allflame;2026-10-08;Wild Crystallised Lifeforce;Chaos Orb;0.02075;High
Allflame;2026-10-08;Dead Man's Sulphur;Chaos Orb;0.008794;High
Allflame;2026-10-08;Syndicate Medallion;Chaos Orb;1697;High
Allflame;2026-10-08;Zorath's Eye of the Inevitable;Chaos Orb;645.8;High
Allflame;2026-10-08;Valdo's Puzzle Box;Chaos Orb;270;High
Allflame;2026-10-08;Voidborn Reliquary Key;Chaos Orb;253.4;High
Allflame;2026-10-08;Simulacrum;Chaos Orb;251.6;High
Allflame;2026-10-08;Crescent Splinter;Chaos Orb;10;High
Allflame;2026-10-08;Zorath's Eye of Malevolence;Chaos Orb;5;High
Allflame;2026-10-08;Zorath's Eye of Authority;Chaos Orb;5;High
Allflame;2026-10-08;Message in a Bottle;Chaos Orb;4.1;High
Allflame;2026-10-08;Simulacrum Splinter;Chaos Orb;2.5;High
Allflame;2026-10-08;Offering to the Goddess;Chaos Orb;2;High
Allflame;2026-10-08;Divine Vessel;Chaos Orb;1;High
Allflame;2026-10-08;Blessed Orb;Chaos Orb;0.2065;High
Allflame;2026-10-08;Orb of Alchemy;Chaos Orb;0.0107;High
Allflame;2026-10-08;Ancient Orb;Chaos Orb;5.47;High
Allflame;2026-10-08;Orb of Augmentation;Chaos Orb;0.03915;High
Allflame;2026-10-08;Awakener's Orb;Chaos Orb;964.1;High
Allflame;2026-10-08;Glassblower's Bauble;Chaos Orb;0.09409;High
Allflame;2026-10-08;Elder's Exalted Orb;Chaos Orb;124.2;High
Allflame;2026-10-08;Eldritch Chaos Orb;Chaos Orb;22.19;High
Allflame;2026-10-08;Eldritch Exalted Orb;Chaos Orb;2.35;High
Allflame;2026-10-08;Eldritch Orb of Annulment;Chaos Orb;26.22;High
Allflame;2026-10-08;Enkindling Orb;Chaos Orb;1.81;High
Allflame;2026-10-08;Exalted Orb;Chaos Orb;2.77;High
Allflame;2026-10-08;Exceptional Eldritch Ichor;Chaos Orb;209.4;High
Allflame;2026-10-08;Fertile Catalyst;Chaos Orb;33.85;High
Allflame;2026-10-08;Fracturing Shard;Chaos Orb;20.5;High
Allflame;2026-10-08;Grand Eldritch Ember;Chaos Orb;12.19;High
Allflame;2026-10-08;Grand Eldritch Ichor;Chaos Orb;3.14;High
Allflame;2026-10-08;Greater Eldritch Ember;Chaos Orb;0.6263;High
Allflame;2026-10-08;Greater Eldritch Ichor;Chaos Orb;0.1548;High
Allflame;2026-10-08;Instilling Orb;Chaos Orb;0.2131;High
Allflame;2026-10-08;Lesser Eldritch Ember;Chaos Orb;0.0617;High
Allflame;2026-10-08;Lesser Eldritch Ichor;Chaos Orb;0.139;High
Allflame;2026-10-08;Maven's Chisel of Avarice;Chaos Orb;214.2;High
Allflame;2026-10-08;Maven's Chisel of Scarabs;Chaos Orb;67.44;High
Allflame;2026-10-08;Orb of Conflict;Chaos Orb;401.3;High
Allflame;2026-10-08;Orb of Intention;Chaos Orb;3.8;High
Allflame;2026-10-08;Orb of Remembrance;Chaos Orb;110.3;High
Allflame;2026-10-08;Orb of Unmaking;Chaos Orb;0.3147;High
Allflame;2026-10-08;Orb of Unravelling;Chaos Orb;19.29;High
Allflame;2026-10-08;Redeemer's Exalted Orb;Chaos Orb;172.7;High
Allflame;2026-10-08;Reflecting Mist;Chaos Orb;2360;High
Allflame;2026-10-08;Regal Orb;Chaos Orb;0.1641;High
Allflame;2026-10-08;Orb of Regret;Chaos Orb;0.9079;High
Allflame;2026-10-08;Sacred Crystallised Lifeforce;Chaos Orb;53.51;High
Allflame;2026-10-08;Crystallised Rancour;Chaos Orb;570.8;High
Allflame;2026-10-08;Armourer's Scrap;Chaos Orb;0.09072;High
Allflame;2026-10-08;Shaper's Exalted Orb;Chaos Orb;145.9;High
Allflame;2026-10-08;Tainted Blacksmith's Whetstone;Chaos Orb;2.77;High
Allflame;2026-10-08;Tainted Exalted Orb;Chaos Orb;537.8;High
Allflame;2026-10-08;Tainted Orb of Fusing;Chaos Orb;22.43;High
Allflame;2026-10-08;Tempering Catalyst;Chaos Orb;14.81;High
Allflame;2026-10-08;Veiled Exalted Orb;Chaos Orb;4237;High
Allflame;2026-10-08;Chromatic Orb;Chaos Orb;2.18;High
Allflame;2026-10-08;Crusader's Exalted Orb;Chaos Orb;179;High
Allflame;2026-10-08;Hinekora's Lock;Chaos Orb;87584;High
Allflame;2026-10-08;Exceptional Eldritch Ember;Chaos Orb;269.6;High
Allflame;2026-10-08;Flesh of Xesht;Chaos Orb;72.07;High
Allflame;2026-10-08;Foulborn Exalted Orb;Chaos Orb;2086;High
Allflame;2026-10-08;Foulborn Orb of Augmentation;Chaos Orb;6.93;High
Allflame;2026-10-08;Foulborn Regal Orb;Chaos Orb;16.76;High
Allflame;2026-10-08;Gemcutter's Prism;Chaos Orb;1.28;High
Allflame;2026-10-08;Hunter's Exalted Orb;Chaos Orb;736.4;High
Allflame;2026-10-08;Maven's Chisel of Divination;Chaos Orb;36.69;High
Allflame;2026-10-08;Maven's Chisel of Procurement;Chaos Orb;18.62;High
Allflame;2026-10-08;Maven's Chisel of Proliferation;Chaos Orb;111.8;High
Allflame;2026-10-08;Orb of Dominance;Chaos Orb;1263;High
Allflame;2026-10-08;Mirror of Kalandra;Chaos Orb;395671;High
Allflame;2026-10-08;Mirror Shard;Chaos Orb;19507;High
Allflame;2026-10-08;Portal Scroll;Chaos Orb;0.0317;High
Allflame;2026-10-08;Prismatic Catalyst;Chaos Orb;80.12;High
Allflame;2026-10-08;Rogue's Marker;Chaos Orb;0.0004239;High
Allflame;2026-10-08;Sacred Orb;Chaos Orb;78.9;High
Allflame;2026-10-08;Tailoring Orb;Chaos Orb;561;High
Allflame;2026-10-08;Tainted Armourer's Scrap;Chaos Orb;3.76;High
Allflame;2026-10-08;Tainted Catalyst;Chaos Orb;11.44;High
Allflame;2026-10-08;Tainted Chaos Orb;Chaos Orb;7.26;High
Allflame;2026-10-08;Tainted Chromatic Orb;Chaos Orb;4.82;High
Allflame;2026-10-08;Volatile Vaal Orb;Chaos Orb;1440;High
Allflame;2026-10-08;Tainted Divine Teardrop;Chaos Orb;1502;High
Allflame;2026-10-08;Tainted Jeweller's Orb;Chaos Orb;1.66;High
Allflame;2026-10-08;Tainted Mythic Orb;Chaos Orb;12.59;High
Allflame;2026-10-08;Tempering Orb;Chaos Orb;401.7;High
Allflame;2026-10-08;Orb of Transmutation;Chaos Orb;0.002416;High
Allflame;2026-10-08;Unstable Catalyst;Chaos Orb;8.94;High
Allflame;2026-10-08;Vaal Orb;Chaos Orb;0.3999;High
Allflame;2026-10-08;Veiled Chaos Orb;Chaos Orb;72.15;High
Allflame;2026-10-08;Warlord's Exalted Orb;Chaos Orb;476.6;High
Allflame;2026-10-08;Scroll of Wisdom;Chaos Orb;0.02621;High
Allflame;2026-10-08;An Audience With The King;Chaos Orb;62.77;High
Allflame;2026-10-08;Awakening Fragment;Chaos Orb;8.02;High
Allflame;2026-10-08;Baran's Crest;Chaos Orb;12.29;High
Allflame;2026-10-08;Al-Hezmin's Crest;Chaos Orb;7.71;High
Allflame;2026-10-08;Blazing Fragment;Chaos Orb;64.29;High
Allflame;2026-10-08;Fragment of the Chimera;Chaos Orb;8.98;High
Allflame;2026-10-08;Cosmic Fragment;Chaos Orb;146.4;High
Allflame;2026-10-08;Decaying Fragment;Chaos Orb;64.65;High
Allflame;2026-10-08;Drox's Crest;Chaos Orb;8;High
Allflame;2026-10-08;Sacrifice at Dusk;Chaos Orb;0.09574;High
Allflame;2026-10-08;Echo of Loneliness;Chaos Orb;167.8;High
Allflame;2026-10-08;Fragment of Constriction;Chaos Orb;15.53;High
Allflame;2026-10-08;Fragment of Emptiness;Chaos Orb;54.17;High
Allflame;2026-10-08;Fragment of Enslavement;Chaos Orb;13.44;High
Allflame;2026-10-08;Fragment of Eradication;Chaos Orb;13.84;High
Allflame;2026-10-08;Fragment of Knowledge;Chaos Orb;83.08;High
Allflame;2026-10-08;Fragment of Purification;Chaos Orb;12.88;High
Allflame;2026-10-08;Fragment of Shape;Chaos Orb;102.9;High
Allflame;2026-10-08;Mortal Grief;Chaos Orb;10.19;High
Allflame;2026-10-08;Hivebrain Gland;Chaos Orb;8.36;High
Allflame;2026-10-08;Fragment of the Hydra;Chaos Orb;8.31;High
Allflame;2026-10-08;Mortal Ignorance;Chaos Orb;11.18;High
Allflame;2026-10-08;Memory of Loneliness;Chaos Orb;12.27;High
Allflame;2026-10-08;Sacrifice at Midnight;Chaos Orb;2.66;High
Allflame;2026-10-08;Sacrifice at Noon;Chaos Orb;1.26;High
Allflame;2026-10-08;Dedication to the Goddess;Chaos Orb;22.48;High
Allflame;2026-10-08;Ritual Vessel;Chaos Orb;1.02;High
Allflame;2026-10-08;Sacred Blossom;Chaos Orb;34.12;High
Allflame;2026-10-08;The Maven's Writ;Chaos Orb;25.11;High
Allflame;2026-10-08;Timeless Karui Splinter;Chaos Orb;0.02041;High
Allflame;2026-10-08;Timeless Maraketh Emblem;Chaos Orb;6.6;High
Allflame;2026-10-08;Timeless Maraketh Splinter;Chaos Orb;2.6;High
Allflame;2026-10-08;Timeless Templar Emblem;Chaos Orb;9.22;High
Allflame;2026-10-08;Timeless Templar Splinter;Chaos Orb;2;High
Allflame;2026-10-08;Timeless Vaal Splinter;Chaos Orb;0.025;High
Allflame;2026-10-08;Traumatic Fragment;Chaos Orb;43.59;High
Allflame;2026-10-08;Zorath's Eye of the Endless;Chaos Orb;564.5;High
Allflame;2026-10-08;Sacrifice at Dawn;Chaos Orb;0.1385;High
Allflame;2026-10-08;Devouring Fragment;Chaos Orb;182.4;High
Allflame;2026-10-08;Echo of Reverence;Chaos Orb;273.9;High
Allflame;2026-10-08;Echo of Trauma;Chaos Orb;422.2;High
Allflame;2026-10-08;Fragment of Terror;Chaos Orb;43.69;High
Allflame;2026-10-08;Mortal Hope;Chaos Orb;13.83;High
Allflame;2026-10-08;Lonely Fragment;Chaos Orb;50.21;High
Allflame;2026-10-08;Memory of Reverence;Chaos Orb;14.87;High
Allflame;2026-10-08;Memory of Trauma;Chaos Orb;83.94;High
Allflame;2026-10-08;Fragment of the Minotaur;Chaos Orb;5.72;High
Allflame;2026-10-08;Gift to the Goddess;Chaos Orb;104.4;High
Allflame;2026-10-08;Tribute to the Goddess;Chaos Orb;16.81;High
Allflame;2026-10-08;Fragment of the Phoenix;Chaos Orb;7.25;High
Allflame;2026-10-08;Mortal Rage;Chaos Orb;13.69;High
Allflame;2026-10-08;Reality Fragment;Chaos Orb;160.5;High
Allflame;2026-10-08;Reverent Fragment;Chaos Orb;155.5;High
Allflame;2026-10-08;Synthesising Fragment;Chaos Orb;7.8;High
Allflame;2026-10-08;Timeless Eternal Emblem;Chaos Orb;12.54;High
Allflame;2026-10-08;Timeless Karui Emblem;Chaos Orb;14.42;High
Allflame;2026-10-08;Timeless Vaal Emblem;Chaos Orb;6.68;High
Allflame;2026-10-08;Veritania's Crest;Chaos Orb;12.01;High
Allflame;2026-10-09;Broken Mirror of Kalandra;Chaos Orb;36366;High
Allflame;2026-10-09;Divine Orb;Chaos Orb;360.2;High
Allflame;2026-10-09;Fracturing Orb;Chaos Orb;392.5;High
Allflame;2026-10-09;Orb of Annulment;Chaos Orb;12.51;High
Allflame;2026-10-09;Turbulent Catalyst;Chaos Orb;2.72;High
Allflame;2026-10-09;Abrasive Catalyst;Chaos Orb;1.2;High
Allflame;2026-10-09;Noxious Catalyst;Chaos Orb;1.03;High
Allflame;2026-10-09;Scrying Orb;Chaos Orb;2;High
Allflame;2026-10-09;Imbued Catalyst;Chaos Orb;0.9545;High
Allflame;2026-10-09;Stacked Deck;Chaos Orb;6.53;High
Allflame;2026-10-09;Intrinsic Catalyst;Chaos Orb;1.75;High
Allflame;2026-10-09;Orb of Fusing;Chaos Orb;0.1078;High
Allflame;2026-10-09;Orb of Alteration;Chaos Orb;0.1277;High
Allflame;2026-10-09;Blacksmith's Whetstone;Chaos Orb;0.01713;High
Allflame;2026-10-09;Vivid Crystallised Lifeforce;Chaos Orb;0.1523;High
Allflame;2026-10-09;Orb of Chance;Chaos Orb;0.08265;High
Allflame;2026-10-09;Jeweller's Orb;Chaos Orb;0.01242;High
Allflame;2026-10-09;Syndicate Medallion;Chaos Orb;1320;High
Allflame;2026-10-09;Zorath's Eye of the Inevitable;Chaos Orb;676.5;High
Allflame;2026-10-09;Decaying Reliquary Key;Chaos Orb;660;High
Allflame;2026-10-09;Voidborn Reliquary Key;Chaos Orb;660;High
Allflame;2026-10-09;Valdo's Puzzle Box;Chaos Orb;290.6;High
Allflame;2026-10-09;Simulacrum;Chaos Orb;226.5;High
Allflame;2026-10-09;An Audience With The King;Chaos Orb;40;High
Allflame;2026-10-09;Zorath's Eye of Malevolence;Chaos Orb;5;High
Allflame;2026-10-09;Zorath's Eye of Authority;Chaos Orb;5;High
Allflame;2026-10-09;Message in a Bottle;Chaos Orb;4.3;High
Allflame;2026-10-09;Offering to the Goddess;Chaos Orb;2;High
Allflame;2026-10-09;Simulacrum Splinter;Chaos Orb;1.7;High
Allflame;2026-10-09;Divine Vessel;Chaos Orb;1;High
Allflame;2026-10-09;Accelerating Catalyst;Chaos Orb;1.61;High
Allflame;2026-10-09;Blessed Orb;Chaos Orb;0.2679;High
Allflame;2026-10-09;Orb of Alchemy;Chaos Orb;0.01886;High
Allflame;2026-10-09;Ancient Orb;Chaos Orb;7.36;High
Allflame;2026-10-09;Orb of Augmentation;Chaos Orb;0.03829;High
Allflame;2026-10-09;Awakener's Orb;Chaos Orb;927.4;High
Allflame;2026-10-09;Glassblower's Bauble;Chaos Orb;0.1315;High
Allflame;2026-10-09;Dead Man's Sulphur;Chaos Orb;0.009067;High
Allflame;2026-10-09;Elder's Exalted Orb;Chaos Orb;114.4;High
Allflame;2026-10-09;Eldritch Chaos Orb;Chaos Orb;28.8;High
Allflame;2026-10-09;Eldritch Exalted Orb;Chaos Orb;3.64;High
Allflame;2026-10-09;Eldritch Orb of Annulment;Chaos Orb;24.42;High
Allflame;2026-10-09;Enkindling Orb;Chaos Orb;1.59;High
Allflame;2026-10-09;Exalted Orb;Chaos Orb;2.17;High
Allflame;2026-10-09;Exceptional Eldritch Ichor;Chaos Orb;249.9;High
Allflame;2026-10-09;Fertile Catalyst;Chaos Orb;28.56;High
Allflame;2026-10-09;Fracturing Shard;Chaos Orb;18.2;High
Allflame;2026-10-09;Grand Eldritch Ember;Chaos Orb;13.03;High
Allflame;2026-10-09;Grand Eldritch Ichor;Chaos Orb;2.39;High
Allflame;2026-10-09;Greater Eldritch Ember;Chaos Orb;0.4195;High
Allflame;2026-10-09;Greater Eldritch Ichor;Chaos Orb;0.4501;High
Allflame;2026-10-09;Instilling Orb;Chaos Orb;0.164;High
Allflame;2026-10-09;Lesser Eldritch Ember;Chaos Orb;0.05814;High
Allflame;2026-10-09;Lesser Eldritch Ichor;Chaos Orb;0.1672;High
Allflame;2026-10-09;Maven's Chisel of Avarice;Chaos Orb;204.6;High
Allflame;2026-10-09;Maven's Chisel of Scarabs;Chaos Orb;70.43;High
Allflame;2026-10-09;Orb of Binding;Chaos Orb;0.02532;High
Allflame;2026-10-09;Orb of Conflict;Chaos Orb;383.2;High
Allflame;2026-10-09;Orb of Intention;Chaos Orb;3.8;High
Allflame;2026-10-09;Orb of Remembrance;Chaos Orb;112.3;High
Allflame;2026-10-09;Orb of Unmaking;Chaos Orb;0.2105;High
Allflame;2026-10-09;Orb of Unravelling;Chaos Orb;17.28;High
Allflame;2026-10-09;Primal Crystallised Lifeforce;Chaos Orb;0.04042;High
Allflame;2026-10-09;Redeemer's Exalted Orb;Chaos Orb;240.7;High
Allflame;2026-10-09;Reflecting Mist;Chaos Orb;2246;High
Allflame;2026-10-09;Regal Orb;Chaos Orb;0.06465;High
Allflame;2026-10-09;Orb of Regret;Chaos Orb;0.7841;High
Allflame;2026-10-09;Sacred Crystallised Lifeforce;Chaos Orb;40.02;High
Allflame;2026-10-09;Crystallised Rancour;Chaos Orb;711.4;High
Allflame;2026-10-09;Orb of Scouring;Chaos Orb;0.4968;High
Allflame;2026-10-09;Armourer's Scrap;Chaos Orb;0.07084;High
Allflame;2026-10-09;Shaper's Exalted Orb;Chaos Orb;100.8;High
Allflame;2026-10-09;Tainted Blacksmith's Whetstone;Chaos Orb;4.01;High
Allflame;2026-10-09;Tainted Exalted Orb;Chaos Orb;309.1;High
Allflame;2026-10-09;Tainted Orb of Fusing;Chaos Orb;19.76;High
Allflame;2026-10-09;Tempering Catalyst;Chaos Orb;12.96;High
Allflame;2026-10-09;Wild Crystallised Lifeforce;Chaos Orb;0.0211;High
Allflame;2026-10-09;Chromatic Orb;Chaos Orb;3.03;High
Allflame;2026-10-09;Crusader's Exalted Orb;Chaos Orb;109.6;High
Allflame;2026-10-09;Hinekora's Lock;Chaos Orb;87885;High
Allflame;2026-10-09;Veiled Exalted Orb;Chaos Orb;4206;High
Allflame;2026-10-09;Exceptional Eldritch Ember;Chaos Orb;240.5;High
Allflame;2026-10-09;Flesh of Xesht;Chaos Orb;89.14;High
Allflame;2026-10-09;Foulborn Exalted Orb;Chaos Orb;2071;High
Allflame;2026-10-09;Foulborn Orb of Augmentation;Chaos Orb;3.7;High
Allflame;2026-10-09;Foulborn Regal Orb;Chaos Orb;16.28;High
Allflame;2026-10-09;Gemcutter's Prism;Chaos Orb;1.39;High
Allflame;2026-10-09;Hunter's Exalted Orb;Chaos Orb;691;High
Allflame;2026-10-09;Maven's Chisel of Divination;Chaos Orb;26.08;High
Allflame;2026-10-09;Maven's Chisel of Procurement;Chaos Orb;18.4;High
Allflame;2026-10-09;Maven's Chisel of Proliferation;Chaos Orb;102.9;High
Allflame;2026-10-09;Orb of Dominance;Chaos Orb;1354;High
Allflame;2026-10-09;Mirror of Kalandra;Chaos Orb;391339;High
Allflame;2026-10-09;Mirror Shard;Chaos Orb;19947;High
Allflame;2026-10-09;Portal Scroll;Chaos Orb;0.02868;High
Allflame;2026-10-09;Prismatic Catalyst;Chaos Orb;75;High
Allflame;2026-10-09;Rogue's Marker;Chaos Orb;0.0006832;High
Allflame;2026-10-09;Sacred Orb;Chaos Orb;55.98;High
Allflame;2026-10-09;Tailoring Orb;Chaos Orb;487.3;High
Allflame;2026-10-09;Tainted Armourer's Scrap;Chaos Orb;2.66;High
Allflame;2026-10-09;Tainted Catalyst;Chaos Orb;8.88;High
Allflame;2026-10-09;Tainted Chaos Orb;Chaos Orb;9.13;High
Allflame;2026-10-09;Tainted Chromatic Orb;Chaos Orb;6.59;High
Allflame;2026-10-09;Volatile Vaal Orb;Chaos Orb;1416;High
Allflame;2026-10-09;Tainted Divine Teardrop;Chaos Orb;1622;High
Allflame;2026-10-09;Tainted Jeweller's Orb;Chaos Orb;2.36;High
Allflame;2026-10-09;Tainted Mythic Orb;Chaos Orb;11.56;High
Allflame;2026-10-09;Tempering Orb;Chaos Orb;475;High
Allflame;2026-10-09;Orb of Transmutation;Chaos Orb;0.003749;High
Allflame;2026-10-09;Unstable Catalyst;Chaos Orb;16.59;High
Allflame;2026-10-09;Vaal Orb;Chaos Orb;0.4264;High
Allflame;2026-10-09;Veiled Chaos Orb;Chaos Orb;86.63;High
Allflame;2026-10-09;Warlord's Exalted Orb;Chaos Orb;533.4;High
Allflame;2026-10-09;Scroll of Wisdom;Chaos Orb;0.07675;High
Allflame;2026-10-09;Awakening Fragment;Chaos Orb;10.43;High
Allflame;2026-10-09;Baran's Crest;Chaos Orb;6.24;High
Allflame;2026-10-09;Al-Hezmin's Crest;Chaos Orb;4.65;High
Allflame;2026-10-09;Blazing Fragment;Chaos Orb;66.54;High
Allflame;2026-10-09;Fragment of the Chimera;Chaos Orb;8.87;High
Allflame;2026-10-09;Cosmic Fragment;Chaos Orb;109;High
Allflame;2026-10-09;Crescent Splinter;Chaos Orb;3.77;High
Allflame;2026-10-09;Decaying Fragment;Chaos Orb;72.77;High
Allflame;2026-10-09;Drox's Crest;Chaos Orb;3.79;High
Allflame;2026-10-09;Sacrifice at Dusk;Chaos Orb;0.2199;High
Allflame;2026-10-09;Echo of Loneliness;Chaos Orb;155;High
Allflame;2026-10-09;Fragment of Constriction;Chaos Orb;13.02;High
Allflame;2026-10-09;Fragment of Emptiness;Chaos Orb;56;High
Allflame;2026-10-09;Fragment of Enslavement;Chaos Orb;15;High
Allflame;2026-10-09;Fragment of Eradication;Chaos Orb;12.64;High
Allflame;2026-10-09;Fragment of Knowledge;Chaos Orb;70.54;High
Allflame;2026-10-09;Fragment of Purification;Chaos Orb;11.51;High
Allflame;2026-10-09;Fragment of Shape;Chaos Orb;90.95;High
Allflame;2026-10-09;Mortal Grief;Chaos Orb;2.73;High
Allflame;2026-10-09;Hivebrain Gland;Chaos Orb;6.78;High
Allflame;2026-10-09;Fragment of the Hydra;Chaos Orb;9.34;High
Allflame;2026-10-09;Mortal Ignorance;Chaos Orb;3.84;High
Allflame;2026-10-09;Memory of Loneliness;Chaos Orb;17.85;High
Allflame;2026-10-09;Sacrifice at Midnight;Chaos Orb;2.24;High
Allflame;2026-10-09;Sacrifice at Noon;Chaos Orb;1.79;High
Allflame;2026-10-09;Dedication to the Goddess;Chaos Orb;28.68;High
Allflame;2026-10-09;Ritual Vessel;Chaos Orb;1.2;High
Allflame;2026-10-09;Sacred Blossom;Chaos Orb;29.68;High
Allflame;2026-10-09;The Maven's Writ;Chaos Orb;18.3;High
Allflame;2026-10-09;Timeless Maraketh Emblem;Chaos Orb;6.13;High
Allflame;2026-10-09;Timeless Maraketh Splinter;Chaos Orb;3;High
Allflame;2026-10-09;Timeless Templar Emblem;Chaos Orb;8.23;High
Allflame;2026-10-09;Timeless Vaal Splinter;Chaos Orb;0.025;High
Allflame;2026-10-09;Traumatic Fragment;Chaos Orb;24.03;High
Allflame;2026-10-09;Zorath's Eye of the Endless;Chaos Orb;544.5;High
Allflame;2026-10-09;Sacrifice at Dawn;Chaos Orb;0.2829;High
Allflame;2026-10-09;Devouring Fragment;Chaos Orb;215.6;High
Allflame;2026-10-09;Echo of Reverence;Chaos Orb;251.9;High
Allflame;2026-10-09;Echo of Trauma;Chaos Orb;491.8;High
Allflame;2026-10-09;Fragment of Terror;Chaos Orb;35.82;High
Allflame;2026-10-09;Mortal Hope;Chaos Orb;10.94;High
Allflame;2026-10-09;Lonely Fragment;Chaos Orb;39.12;High
Allflame;2026-10-09;Memory of Reverence;Chaos Orb;22.21;High
Allflame;2026-10-09;Memory of Trauma;Chaos Orb;97.43;High
Allflame;2026-10-09;Fragment of the Minotaur;Chaos Orb;6.54;High
Allflame;2026-10-09;Gift to the Goddess;Chaos Orb;111.8;High
Allflame;2026-10-09;Tribute to the Goddess;Chaos Orb;15.29;High
Allflame;2026-10-09;Fragment of the Phoenix;Chaos Orb;5.7;High
Allflame;2026-10-09;Mortal Rage;Chaos Orb;2.04;High
Allflame;2026-10-09;Reality Fragment;Chaos Orb;145.4;High
Allflame;2026-10-09;Reverent Fragment;Chaos Orb;87.18;High
Allflame;2026-10-09;Synthesising Fragment;Chaos Orb;12.86;High
Allflame;2026-10-09;Timeless Eternal Emblem;Chaos Orb;6.33;High
Allflame;2026-10-09;Timeless Karui Emblem;Chaos Orb;17.02;High
Allflame;2026-10-09;Timeless Vaal Emblem;Chaos Orb;20.82;High
Allflame;2026-10-09;Veritania's Crest;Chaos Orb;15.65;High
Allflame;2026-10-10;Divine Orb;Chaos Orb;351;High
Allflame;2026-10-10;Fracturing Orb;Chaos Orb;398.7;High
Allflame;2026-10-10;Orb of Annulment;Chaos Orb;11.06;High
Allflame;2026-10-10;Imbued Catalyst;Chaos Orb;0.9955;High
Allflame;2026-10-10;Noxious Catalyst;Chaos Orb;1.44;High
Allflame;2026-10-10;Turbulent Catalyst;Chaos Orb;1.58;High
Allflame;2026-10-10;Abrasive Catalyst;Chaos Orb;2;High
Allflame;2026-10-10;Scrying Orb;Chaos Orb;2;High
Allflame;2026-10-10;Stacked Deck;Chaos Orb;6.13;High
Allflame;2026-10-10;Intrinsic Catalyst;Chaos Orb;1.71;High
Allflame;2026-10-10;Orb of Fusing;Chaos Orb;0.1263;High
Allflame;2026-10-10;Orb of Alteration;Chaos Orb;0.1015;High
Allflame;2026-10-10;Blacksmith's Whetstone;Chaos Orb;0.07343;High
Allflame;2026-10-10;Armourer's Scrap;Chaos Orb;0.1027;High
Allflame;2026-10-10;Vivid Crystallised Lifeforce;Chaos Orb;0.1554;High
Allflame;2026-10-10;Orb of Chance;Chaos Orb;0.05866;High
Allflame;2026-10-10;Jeweller's Orb;Chaos Orb;0.04533;High
Allflame;2026-10-10;Syndicate Medallion;Chaos Orb;1304;High
Allflame;2026-10-10;Zorath's Eye of the Inevitable;Chaos Orb;1011;High
Allflame;2026-10-10;Decaying Reliquary Key;Chaos Orb;652;High
Allflame;2026-10-10;Voidborn Reliquary Key;Chaos Orb;652;High
Allflame;2026-10-10;Valdo's Puzzle Box;Chaos Orb;277;High
Allflame;2026-10-10;Simulacrum;Chaos Orb;8.4;High
Allflame;2026-10-10;Message in a Bottle;Chaos Orb;5;High
Allflame;2026-10-10;Zorath's Eye of Malevolence;Chaos Orb;5;High
Allflame;2026-10-10;Zorath's Eye of Authority;Chaos Orb;5;High
Allflame;2026-10-10;Simulacrum Splinter;Chaos Orb;3.5;High
Allflame;2026-10-10;Offering to the Goddess;Chaos Orb;1;High
Allflame;2026-10-10;Divine Vessel;Chaos Orb;1;High
Allflame;2026-10-10;Accelerating Catalyst;Chaos Orb;1.5;High
Allflame;2026-10-10;Blessed Orb;Chaos Orb;0.08908;High
Allflame;2026-10-10;Orb of Alchemy;Chaos Orb;0.01804;High
Allflame;2026-10-10;Ancient Orb;Chaos Orb;6.85;High
Allflame;2026-10-10;Orb of Augmentation;Chaos Orb;0.05872;High
Allflame;2026-10-10;Awakener's Orb;Chaos Orb;965.4;High
Allflame;2026-10-10;Glassblower's Bauble;Chaos Orb;0.1438;High
Allflame;2026-10-10;Dead Man's Sulphur;Chaos Orb;0.009698;High
Allflame;2026-10-10;Elder's Exalted Orb;Chaos Orb;126.3;High
Allflame;2026-10-10;Eldritch Chaos Orb;Chaos Orb;22.46;High
Allflame;2026-10-10;Eldritch Exalted Orb;Chaos Orb;2.48;High
Allflame;2026-10-10;Eldritch Orb of Annulment;Chaos Orb;16.01;High
Allflame;2026-10-10;Enkindling Orb;Chaos Orb;0.8081;High
Allflame;2026-10-10;Exalted Orb;Chaos Orb;2.6;High
Allflame;2026-10-10;Exceptional Eldritch Ichor;Chaos Orb;202.4;High
Allflame;2026-10-10;Fertile Catalyst;Chaos Orb;30.35;High
Allflame;2026-10-10;Fracturing Shard;Chaos Orb;13.21;High
Allflame;2026-10-10;Grand Eldritch Ember;Chaos Orb;13.39;High
Allflame;2026-10-10;Grand Eldritch Ichor;Chaos Orb;7.36;High
Allflame;2026-10-10;Greater Eldritch Ember;Chaos Orb;0.4232;High
Allflame;2026-10-10;Greater Eldritch Ichor;Chaos Orb;0.3031;High
Allflame;2026-10-10;Instilling Orb;Chaos Orb;0.44;High
Allflame;2026-10-10;Lesser Eldritch Ember;Chaos Orb;0.07153;High
Allflame;2026-10-10;Lesser Eldritch Ichor;Chaos Orb;0.1004;High
Allflame;2026-10-10;Maven's Chisel of Avarice;Chaos Orb;227.2;High
Allflame;2026-10-10;Maven's Chisel of Scarabs;Chaos Orb;43.99;High
Allflame;2026-10-10;Orb of Binding;Chaos Orb;0.01284;High
Allflame;2026-10-10;Orb of Conflict;Chaos Orb;367.8;High
Allflame;2026-10-10;Orb of Intention;Chaos Orb;3.79;High
Allflame;2026-10-10;Orb of Remembrance;Chaos Orb;103.1;High
Allflame;2026-10-10;Orb of Unmaking;Chaos Orb;0.2546;High
Allflame;2026-10-10;Orb of Unravelling;Chaos Orb;10.11;High
Allflame;2026-10-10;Primal Crystallised Lifeforce;Chaos Orb;0.03844;High
Allflame;2026-10-10;Redeemer's Exalted Orb;Chaos Orb;166.8;High
Allflame;2026-10-10;Reflecting Mist;Chaos Orb;2119;High
Allflame;2026-10-10;Regal Orb;Chaos Orb;0.039;High
Allflame;2026-10-10;Orb of Regret;Chaos Orb;1.11;High
Allflame;2026-10-10;Sacred Crystallised Lifeforce;Chaos Orb;58.51;High
Allflame;2026-10-10;Crystallised Rancour;Chaos Orb;605;High
Allflame;2026-10-10;Orb of Scouring;Chaos Orb;0.4952;High
Allflame;2026-10-10;Shaper's Exalted Orb;Chaos Orb;134.4;High
Allflame;2026-10-10;Tainted Blacksmith's Whetstone;Chaos Orb;4.3;High
Allflame;2026-10-10;Tainted Exalted Orb;Chaos Orb;409.5;High
Allflame;2026-10-10;Tainted Orb of Fusing;Chaos Orb;15.82;High
Allflame;2026-10-10;Tempering Catalyst;Chaos Orb;9.75;High
Allflame;2026-10-10;Wild Crystallised Lifeforce;Chaos Orb;0.01803;High
Allflame;2026-10-10;Chromatic Orb;Chaos Orb;3.55;High
Allflame;2026-10-10;Crusader's Exalted Orb;Chaos Orb;131.4;High
Allflame;2026-10-10;Hinekora's Lock;Chaos Orb;87531;High
Allflame;2026-10-10;Veiled Exalted Orb;Chaos Orb;4005;High
Allflame;2026-10-10;Exceptional Eldritch Ember;Chaos Orb;243;High
Allflame;2026-10-10;Flesh of Xesht;Chaos Orb;82.51;High
Allflame;2026-10-10;Foulborn Exalted Orb;Chaos Orb;1906;High
Allflame;2026-10-10;Foulborn Orb of Augmentation;Chaos Orb;1.55;High
Allflame;2026-10-10;Foulborn Regal Orb;Chaos Orb;18.38;High
Allflame;2026-10-10;Gemcutter's Prism;Chaos Orb;1.37;High
Allflame;2026-10-10;Hunter's Exalted Orb;Chaos Orb;702.1;High
Allflame;2026-10-10;Maven's Chisel of Divination;Chaos Orb;27.37;High
Allflame;2026-10-10;Maven's Chisel of Procurement;Chaos Orb;22.8;High
Allflame;2026-10-10;Maven's Chisel of Proliferation;Chaos Orb;132.1;High
Allflame;2026-10-10;Orb of Dominance;Chaos Orb;1371;High
Allflame;2026-10-10;Mirror of Kalandra;Chaos Orb;378152;High
Allflame;2026-10-10;Mirror Shard;Chaos Orb;19707;High
Allflame;2026-10-10;Portal Scroll;Chaos Orb;0.02422;High
Allflame;2026-10-10;Prismatic Catalyst;Chaos Orb;72.82;High
Allflame;2026-10-10;Rogue's Marker;Chaos Orb;0.0004534;High
Allflame;2026-10-10;Sacred Orb;Chaos Orb;63.66;High
Allflame;2026-10-10;Tailoring Orb;Chaos Orb;543.8;High
Allflame;2026-10-10;Tainted Armourer's Scrap;Chaos Orb;3.85;High
Allflame;2026-10-10;Tainted Catalyst;Chaos Orb;14.08;High
Allflame;2026-10-10;Tainted Chaos Orb;Chaos Orb;13.19;High
Allflame;2026-10-10;Tainted Chromatic Orb;Chaos Orb;5.61;High
Allflame;2026-10-10;Volatile Vaal Orb;Chaos Orb;1351;High
Allflame;2026-10-10;Tainted Divine Teardrop;Chaos Orb;2207;High
Allflame;2026-10-10;Tainted Jeweller's Orb;Chaos Orb;2.77;High
Allflame;2026-10-10;Tainted Mythic Orb;Chaos Orb;12.6;High
Allflame;2026-10-10;Tempering Orb;Chaos Orb;515.6;High
Allflame;2026-10-10;Orb of Transmutation;Chaos Orb;0.004747;High
Allflame;2026-10-10;Unstable Catalyst;Chaos Orb;8.33;High
Allflame;2026-10-10;Vaal Orb;Chaos Orb;0.5205;High
Allflame;2026-10-10;Veiled Chaos Orb;Chaos Orb;81.11;High
Allflame;2026-10-10;Warlord's Exalted Orb;Chaos Orb;451;High
Allflame;2026-10-10;Scroll of Wisdom;Chaos Orb;0.03387;High
Allflame;2026-10-10;An Audience With The King;Chaos Orb;46.62;High
Allflame;2026-10-10;Awakening Fragment;Chaos Orb;7.57;High
Allflame;2026-10-10;Baran's Crest;Chaos Orb;23;High
Allflame;2026-10-10;Al-Hezmin's Crest;Chaos Orb;7.25;High
Allflame;2026-10-10;Blazing Fragment;Chaos Orb;55.91;High
Allflame;2026-10-10;Fragment of the Chimera;Chaos Orb;6.4;High
Allflame;2026-10-10;Cosmic Fragment;Chaos Orb;111.2;High
Allflame;2026-10-10;Crescent Splinter;Chaos Orb;4.39;High
Allflame;2026-10-10;Decaying Fragment;Chaos Orb;74.39;High
Allflame;2026-10-10;Drox's Crest;Chaos Orb;8;High
Allflame;2026-10-10;Sacrifice at Dusk;Chaos Orb;0.1961;High
Allflame;2026-10-10;Echo of Loneliness;Chaos Orb;151.8;High
Allflame;2026-10-10;Fragment of Constriction;Chaos Orb;18.34;High
Allflame;2026-10-10;Fragment of Emptiness;Chaos Orb;47.09;High
Allflame;2026-10-10;Fragment of Enslavement;Chaos Orb;16.42;High
Allflame;2026-10-10;Fragment of Eradication;Chaos Orb;14;High
Allflame;2026-10-10;Fragment of Knowledge;Chaos Orb;79.48;High
Allflame;2026-10-10;Fragment of Purification;Chaos Orb;11.29;High
Allflame;2026-10-10;Fragment of Shape;Chaos Orb;78.17;High
Allflame;2026-10-10;Mortal Grief;Chaos Orb;7.67;High
Allflame;2026-10-10;Hivebrain Gland;Chaos Orb;5.16;High
Allflame;2026-10-10;Fragment of the Hydra;Chaos Orb;7.31;High
Allflame;2026-10-10;Mortal Ignorance;Chaos Orb;6.95;High
Allflame;2026-10-10;Memory of Loneliness;Chaos Orb;5.73;High
Allflame;2026-10-10;Sacrifice at Midnight;Chaos Orb;2.15;High
Allflame;2026-10-10;Sacrifice at Noon;Chaos Orb;2.76;High
Allflame;2026-10-10;Dedication to the Goddess;Chaos Orb;25.2;High
Allflame;2026-10-10;Ritual Vessel;Chaos Orb;1.52;High
Allflame;2026-10-10;Sacred Blossom;Chaos Orb;24.28;High
Allflame;2026-10-10;The Maven's Writ;Chaos Orb;26.04;High
Allflame;2026-10-10;Timeless Maraketh Emblem;Chaos Orb;8.1;High
Allflame;2026-10-10;Timeless Maraketh Splinter;Chaos Orb;3;High
Allflame;2026-10-10;Timeless Templar Emblem;Chaos Orb;15.6;High
Allflame;2026-10-10;Timeless Templar Splinter;Chaos Orb;2;High
Allflame;2026-10-10;Timeless Vaal Splinter;Chaos Orb;0.025;High
Allflame;2026-10-10;Traumatic Fragment;Chaos Orb;31.31;High
Allflame;2026-10-10;Zorath's Eye of the Endless;Chaos Orb;363.2;High
Allflame;2026-10-10;Sacrifice at Dawn;Chaos Orb;1.45;High
Allflame;2026-10-10;Devouring Fragment;Chaos Orb;178;High
Allflame;2026-10-10;Echo of Reverence;Chaos Orb;257;High
Allflame;2026-10-10;Echo of Trauma;Chaos Orb;484.9;High
Allflame;2026-10-10;Fragment of Terror;Chaos Orb;39.91;High
Allflame;2026-10-10;Mortal Hope;Chaos Orb;14.14;High
Allflame;2026-10-10;Lonely Fragment;Chaos Orb;35.15;High
Allflame;2026-10-10;Memory of Reverence;Chaos Orb;18.15;High
Allflame;2026-10-10;Memory of Trauma;Chaos Orb;72.15;High
Allflame;2026-10-10;Fragment of the Minotaur;Chaos Orb;6.3;High
Allflame;2026-10-10;Gift to the Goddess;Chaos Orb;121.5;High
Allflame;2026-10-10;Tribute to the Goddess;Chaos Orb;17.38;High
Allflame;2026-10-10;Fragment of the Phoenix;Chaos Orb;5.53;High
Allflame;2026-10-10;Mortal Rage;Chaos Orb;8.36;High
Allflame;2026-10-10;Reality Fragment;Chaos Orb;151.3;High
Allflame;2026-10-10;Reverent Fragment;Chaos Orb;81.59;High
Allflame;2026-10-10;Synthesising Fragment;Chaos Orb;7.99;High
Allflame;2026-10-10;Timeless Eternal Emblem;Chaos Orb;12.57;High
Allflame;2026-10-10;Timeless Karui Emblem;Chaos Orb;5.97;High
Allflame;2026-10-10;Timeless Vaal Emblem;Chaos Orb;23.82;High
Allflame;2026-10-10;Veritania's Crest;Chaos Orb;19.68;High
